date,tavg,tmin,tmax,prcp,snow,wdir,wspd,wpgt,pres,tsun
2018-12-29,11.2,7.5,17.5,,,98.0,6.7,24.1,1020.6,
2018-12-30,11.3,5.1,20.9,,,111.0,3.4,22.2,1019.8,
2018-12-31,10.2,3.8,17.7,,,109.0,3.7,20.4,1024.7,
2019-01-01,10.8,5.1,19.4,,,153.0,4.5,16.7,1028.7,
2019-01-02,10.9,5.2,17.6,,,127.0,5.3,14.8,1028.6,
2019-01-03,10.4,5.6,18.0,,,100.0,7.3,22.2,1025.0,
2019-01-04,9.9,4.5,16.6,,,139.0,5.3,16.7,1025.7,
2019-01-05,10.1,4.5,17.5,,,116.0,5.8,20.4,1028.8,
2019-01-06,9.2,2.0,17.0,,,127.0,4.7,16.7,1028.8,
2019-01-07,10.3,3.6,16.5,,,111.0,7.2,20.4,1027.2,
2019-01-08,9.7,4.5,16.5,,,101.0,6.7,20.4,1025.0,
2019-01-09,10.2,5.1,16.5,,,174.0,7.0,16.7,1021.4,
2019-01-10,10.7,6.2,16.6,,,165.0,5.7,18.5,1017.6,
2019-01-11,11.3,5.1,17.5,,,97.0,8.4,24.1,1019.9,
2019-01-12,10.7,4.5,17.9,,,78.0,6.5,22.2,1022.3,
2019-01-13,9.2,3.1,17.5,,,131.0,4.3,18.5,1024.5,
2019-01-14,10.2,3.8,16.6,,,131.0,5.5,16.7,1022.9,
2019-01-15,10.1,3.8,16.5,,,159.0,5.4,16.7,1021.0,
2019-01-16,11.6,6.0,17.5,,,186.0,7.4,20.4,1019.8,
2019-01-17,12.6,9.3,16.7,3.0,,209.0,8.7,22.2,1018.0,
2019-01-18,11.7,7.5,16.5,3.0,,174.0,5.1,18.5,1019.9,
2019-01-19,12.4,7.1,15.5,0.0,,205.0,16.1,37.0,1021.6,
2019-01-20,14.9,11.2,16.5,69.1,,278.0,19.1,44.5,1019.2,
2019-01-21,12.2,7.5,16.5,11.9,,288.0,7.3,24.1,1021.3,
2019-01-22,11.4,6.6,15.3,0.0,,210.0,10.5,29.6,1023.8,
2019-01-23,12.9,8.7,15.5,5.1,,231.0,14.1,29.6,1021.7,
2019-01-24,13.2,10.1,16.2,13.0,,219.0,12.2,24.1,1016.6,
2019-01-25,12.0,7.7,17.5,1.0,,64.0,5.2,20.4,1016.0,
2019-01-26,11.9,7.5,15.5,0.0,,181.0,4.4,16.7,1019.1,
2019-01-27,13.2,9.5,16.5,,,223.0,10.3,27.8,1021.9,
2019-01-28,12.6,7.7,16.5,,,229.0,6.8,22.2,1024.6,
2019-01-29,13.7,9.4,17.1,,,204.0,5.3,20.4,1023.4,
2019-01-30,13.8,11.2,16.6,,,217.0,6.9,22.2,1019.8,
2019-01-31,14.4,11.8,16.7,0.5,,209.0,13.9,31.5,1016.1,
2019-02-01,14.8,13.5,16.5,0.0,,241.0,26.2,48.2,1011.4,
2019-02-02,12.4,7.5,15.5,42.9,,290.0,13.0,33.3,1019.4,
2019-02-03,10.3,5.5,15.5,1.0,,90.0,7.7,25.9,1025.6,
2019-02-04,9.7,3.5,18.3,0.0,,84.0,7.9,29.6,1025.6,
2019-02-05,11.1,4.5,18.4,,,138.0,4.6,18.5,1025.6,
2019-02-06,12.2,5.5,19.5,,,150.0,4.4,16.7,1024.1,
2019-02-07,12.6,7.5,17.5,,,103.0,4.8,18.5,1023.7,
2019-02-08,10.7,6.5,14.5,,,96.0,3.9,20.4,1023.0,
2019-02-09,11.1,6.4,16.5,,,91.0,7.8,20.4,1023.4,
2019-02-10,11.5,5.8,17.5,,,73.0,7.2,24.1,1026.0,
2019-02-11,12.7,7.2,19.5,,,78.0,8.1,25.9,1026.7,
2019-02-12,13.6,7.4,19.5,,,46.0,6.3,24.1,1024.7,
2019-02-13,11.3,6.5,18.5,,,161.0,3.6,20.4,1023.9,
2019-02-14,15.4,6.3,24.5,,,138.0,4.2,22.2,1023.9,
2019-02-15,12.7,6.5,19.5,,,165.0,4.5,18.5,1019.6,
2019-02-16,14.1,6.9,19.5,,,197.0,5.7,24.1,1018.0,
2019-02-17,13.1,8.2,19.5,,,204.0,5.0,20.4,1019.8,
2019-02-18,13.4,10.4,16.5,,,196.0,11.1,27.8,1016.2,
2019-02-19,11.8,5.0,17.7,,,101.0,7.7,27.8,1017.7,
2019-02-20,12.4,5.8,17.5,,,91.0,6.8,22.2,1019.2,
2019-02-21,14.6,7.5,22.5,,,106.0,4.8,22.2,1022.2,
2019-02-22,17.3,11.5,25.3,,,95.0,6.2,25.9,1025.6,
2019-02-23,15.1,9.5,20.7,,,85.0,6.2,24.1,1026.5,
2019-02-24,12.6,4.8,21.5,,,68.0,6.1,25.9,1024.0,
2019-02-25,17.0,6.2,26.5,,,89.0,6.7,29.6,1022.2,
2019-02-26,16.8,8.0,25.5,,,207.0,5.9,22.2,1022.5,
2019-02-27,13.6,8.0,18.5,,,239.0,6.6,24.1,1025.8,
2019-02-28,13.1,8.5,18.5,,,111.0,5.3,22.2,1027.2,
2019-03-01,12.3,6.0,18.5,,,220.0,6.1,24.1,1026.2,
2019-03-02,14.1,10.4,18.6,,,145.0,7.8,24.1,1025.7,
2019-03-03,13.6,8.7,18.5,,,299.0,5.2,22.2,1023.5,
2019-03-04,14.8,9.2,18.5,,,155.0,6.0,24.1,1023.7,
2019-03-05,14.0,7.2,20.5,,,119.0,5.3,22.2,1019.1,
2019-03-06,15.6,12.1,20.5,,,234.0,17.3,42.6,1017.1,
2019-03-07,13.4,8.5,17.0,6.1,,280.0,6.9,25.9,1020.4,
2019-03-08,12.3,8.2,16.5,0.5,,194.0,8.2,27.8,1021.2,
2019-03-09,14.4,8.5,22.3,1.0,,77.0,10.9,37.0,1025.0,
2019-03-10,14.9,6.4,26.5,0.0,,42.0,7.0,31.5,1025.1,
2019-03-11,14.6,8.5,20.5,,,210.0,7.2,24.1,1025.6,
2019-03-12,13.6,6.5,20.5,,,257.0,4.3,24.1,1025.5,
2019-03-13,13.5,9.4,19.2,,,6.0,9.0,29.6,1026.4,
2019-03-14,13.6,7.7,19.5,,,69.0,8.1,29.6,1023.8,
2019-03-15,13.8,6.2,21.5,,,88.0,4.9,24.1,1021.5,
2019-03-16,15.1,5.9,20.5,,,250.0,5.7,24.1,1019.8,
2019-03-17,15.9,10.5,25.0,,,39.0,10.1,29.6,1019.4,
2019-03-18,14.3,8.0,20.5,,,62.0,9.5,27.8,1020.1,
2019-03-19,15.4,9.5,19.7,,,63.0,9.5,29.6,1018.8,
2019-03-20,15.6,8.2,23.7,,,77.0,12.4,40.8,1017.4,
2019-03-21,16.4,8.6,21.9,,,63.0,20.6,40.8,1016.3,
2019-03-22,18.1,10.4,25.5,,,64.0,13.0,35.2,1015.6,
2019-03-23,19.4,10.3,26.5,,,83.0,8.8,31.5,1013.1,
2019-03-24,21.1,12.1,25.6,0.3,,114.0,9.5,29.6,1013.6,
2019-03-25,20.8,15.3,28.5,0.0,,61.0,9.4,31.5,1009.5,
2019-03-26,18.8,15.5,21.5,,,254.0,15.0,25.9,1006.7,
2019-03-27,16.8,13.0,20.5,,,78.0,4.9,24.1,1012.8,
2019-03-28,18.3,11.1,25.9,,,73.0,6.8,25.9,1015.7,
2019-03-29,17.1,11.5,22.6,0.5,,17.0,6.5,25.9,1016.2,
2019-03-30,15.9,10.0,20.5,0.0,,176.0,7.1,24.1,1012.6,
2019-03-31,16.8,12.5,19.5,5.1,,253.0,14.8,35.2,1011.8,
2019-04-01,15.8,12.5,20.0,0.3,,238.0,12.7,29.6,1014.5,
2019-04-02,15.2,10.8,22.5,0.0,,43.0,8.4,31.5,1014.5,
2019-04-03,14.2,10.1,19.5,,,36.0,9.4,25.9,1009.3,
2019-04-04,15.2,13.2,16.5,,,280.0,14.4,35.2,1008.2,
2019-04-05,13.3,8.5,16.6,,,234.0,21.4,46.3,1009.9,
2019-04-06,12.9,7.9,17.5,,,222.0,20.2,44.5,1014.7,
2019-04-07,15.1,9.6,19.5,0.8,,231.0,14.5,33.3,1018.5,
2019-04-08,15.6,9.9,20.5,0.0,,228.0,9.3,31.5,1019.2,
2019-04-09,15.6,10.5,18.7,,,7.0,8.8,29.6,1019.9,
2019-04-10,13.8,8.0,19.5,,,47.0,9.9,33.3,1019.6,
2019-04-11,14.2,9.5,18.1,,,106.0,8.3,29.6,1019.5,
2019-04-12,14.5,8.4,19.5,,,48.0,9.0,27.8,1018.3,
2019-04-13,15.2,9.1,21.5,,,72.0,9.7,29.6,1019.4,
2019-04-14,17.6,8.3,27.5,,,80.0,7.2,27.8,1016.5,
2019-04-15,18.4,9.0,21.5,,,244.0,11.2,33.3,1015.8,
2019-04-16,16.9,9.0,24.5,,,53.0,7.7,27.8,1014.8,
2019-04-17,16.4,13.5,20.0,,,254.0,9.5,29.6,1012.2,
2019-04-18,16.1,11.0,19.7,,,267.0,11.3,35.2,1014.5,
2019-04-19,15.1,11.5,19.5,2.0,,240.0,10.5,33.3,1014.4,
2019-04-20,15.0,9.5,19.5,13.0,,49.0,9.5,27.8,1011.3,
2019-04-21,14.7,9.7,18.2,0.0,,233.0,12.7,37.0,1009.0,
2019-04-22,16.9,12.1,20.5,3.0,,246.0,16.7,38.9,1007.8,
2019-04-23,15.5,12.5,17.5,0.0,,247.0,15.0,35.2,1007.6,
2019-04-24,15.8,11.2,20.5,9.9,,231.0,13.9,31.5,1014.1,
2019-04-25,16.9,12.5,21.5,0.0,,239.0,13.7,31.5,1018.9,
2019-04-26,15.9,10.0,19.5,,,35.0,14.4,,1022.3,
2019-04-27,16.8,8.8,26.2,,,52.0,7.6,,1017.5,
2019-04-28,19.1,11.2,25.5,,,66.0,6.8,,1014.0,
2019-04-29,18.8,11.4,24.8,,,257.0,7.0,,1013.4,
2019-04-30,18.6,14.9,22.5,,,274.0,9.0,,1012.5,
2019-05-01,18.8,15.0,21.9,,,260.0,8.4,,1008.0,
2019-05-02,19.2,15.7,21.5,,,243.0,12.4,,1007.0,
2019-05-03,19.3,16.3,22.5,,,252.0,12.8,,1010.2,
2019-05-04,18.9,16.5,21.5,,,270.0,11.2,,1014.3,
2019-05-05,17.8,11.5,21.5,,,356.0,5.8,,1017.4,
2019-05-06,16.8,9.4,21.5,,,34.0,9.5,,1019.5,
2019-05-07,18.1,13.7,22.5,,,30.0,8.9,,1018.9,
2019-05-08,17.3,12.5,22.5,,,26.0,7.6,,1018.9,
2019-05-09,17.3,11.2,23.5,,,48.0,12.0,,1017.0,
2019-05-10,19.0,14.5,23.5,,,33.0,11.6,,1015.8,
2019-05-11,19.1,12.1,24.7,,,16.0,8.2,,1015.3,
2019-05-12,25.4,12.3,35.5,,,323.0,7.0,,1012.4,
2019-05-13,26.1,15.5,34.5,,,45.0,7.9,,1010.8,
2019-05-14,27.5,16.9,37.5,,,72.0,9.5,,1009.0,
2019-05-15,21.0,13.5,28.5,,,272.0,8.3,,1011.0,
2019-05-16,19.2,11.5,25.5,,,316.0,9.2,,1012.7,
2019-05-17,18.2,10.5,20.7,,,5.0,14.6,,1015.4,
2019-05-18,15.9,9.5,20.5,,,21.0,10.2,,1015.7,
2019-05-19,16.5,10.1,21.5,,,23.0,8.9,,1015.3,
2019-05-20,18.0,12.5,22.9,,,16.0,12.2,,1014.3,
2019-05-21,16.9,10.9,22.0,,,16.0,12.4,,1015.7,
2019-05-22,17.4,10.5,22.5,,,2.0,13.1,,1015.4,
2019-05-23,18.0,10.5,24.1,0.0,,288.0,11.0,,1015.7,
2019-05-24,17.5,11.5,22.5,,,256.0,13.1,,1015.3,
2019-05-25,18.8,12.5,24.4,0.0,,339.0,12.8,,1013.6,
2019-05-26,21.2,11.5,33.1,,,37.0,18.8,,1012.3,
2019-05-27,20.9,11.5,30.3,0.0,,334.0,10.5,,1011.8,
2019-05-28,18.6,11.2,24.5,0.0,,266.0,9.8,,1012.5,
2019-05-29,19.7,12.5,25.0,0.0,,311.0,10.0,,1012.5,
2019-05-30,27.0,13.5,39.5,,,52.0,15.1,,1011.4,
2019-05-31,23.0,12.2,31.0,0.0,,319.0,10.5,,1011.6,
2019-06-01,22.4,13.3,30.0,,,291.0,10.6,,1012.2,
2019-06-02,21.6,13.5,29.3,,,245.0,10.9,,1013.5,
2019-06-03,19.9,13.2,28.9,0.0,,251.0,11.8,,1014.9,
2019-06-04,18.3,10.5,22.7,,,308.0,12.8,,1015.4,
2019-06-05,18.7,9.5,22.2,0.5,,346.0,17.2,,1017.3,
2019-06-06,15.7,8.5,22.5,0.0,,35.0,14.6,,1015.2,
2019-06-07,17.1,10.5,24.2,,,37.0,16.9,,1017.1,
2019-06-08,17.4,9.3,23.0,,,297.0,12.1,,1017.8,
2019-06-09,17.7,11.5,22.7,,,288.0,14.8,,1020.4,
2019-06-10,18.5,13.5,22.2,,,351.0,13.4,,1019.2,
2019-06-11,17.7,9.3,22.5,,,335.0,12.1,,1014.3,
2019-06-12,19.3,13.5,23.1,,,332.0,13.1,,1010.0,
2019-06-13,19.4,17.5,21.6,,,298.0,17.5,,1010.8,
2019-06-14,17.9,10.4,22.5,,,325.0,13.8,,1018.3,
2019-06-15,17.0,9.5,22.5,,,28.0,17.0,,1019.1,
2019-06-16,17.2,9.5,23.0,,,275.0,11.8,,1018.0,
2019-06-17,17.7,10.5,22.5,,,333.0,11.6,,1017.0,
2019-06-18,18.3,11.5,22.7,,,292.0,10.3,,1017.1,
2019-06-19,19.4,12.9,24.5,,,18.0,13.1,,1017.2,
2019-06-20,19.0,11.2,24.7,,,8.0,13.5,,1016.9,
2019-06-21,18.1,12.0,22.6,,,12.0,12.3,,1016.6,
2019-06-22,18.3,9.5,24.2,,,274.0,9.9,,1014.3,
2019-06-23,18.9,13.4,23.5,,,284.0,11.3,,1013.6,
2019-06-24,20.3,14.5,24.5,,,358.0,11.6,,1014.7,
2019-06-25,21.8,16.5,25.5,,,351.0,12.3,,1015.4,
2019-06-26,21.8,17.0,27.0,,,324.0,12.0,,1016.6,
2019-06-27,20.7,18.5,22.8,,,356.0,14.2,,1016.9,
2019-06-28,20.6,15.5,24.5,,,332.0,11.3,,1015.0,
2019-06-29,21.2,16.1,24.6,,,258.0,13.1,,1015.2,
2019-06-30,21.8,18.5,25.0,,,271.0,14.0,,1018.4,
2019-07-01,21.0,19.5,23.8,,,290.0,11.1,,1018.7,
2019-07-02,21.1,19.5,23.7,,,283.0,14.2,,1016.5,
2019-07-03,21.0,19.5,23.8,,,282.0,13.0,,1015.0,
2019-07-04,21.2,16.5,25.2,,,14.0,13.1,,1016.1,
2019-07-05,19.7,13.5,24.5,,,22.0,15.4,,1017.1,
2019-07-06,19.7,16.4,24.5,,,16.0,11.7,,1015.9,
2019-07-07,20.4,16.5,24.5,,,343.0,12.1,,1016.1,
2019-07-08,20.3,13.5,24.6,,,347.0,12.8,,1016.7,
2019-07-09,19.7,13.2,24.8,,,22.0,13.6,,1016.0,
2019-07-10,19.7,14.3,24.5,,,341.0,13.2,,1012.7,
2019-07-11,20.9,14.5,25.5,,,252.0,12.6,,1012.3,
2019-07-12,22.2,18.5,24.6,,,300.0,11.0,,1015.4,
2019-07-13,20.9,15.4,25.5,,,282.0,11.4,,1016.8,
2019-07-14,21.9,17.5,25.8,,,11.0,13.7,,1016.2,
2019-07-15,21.8,20.5,24.9,,,348.0,12.5,,1015.2,
2019-07-16,21.7,20.5,25.0,,,295.0,12.0,,1014.9,
2019-07-17,21.6,19.5,24.5,,,292.0,13.4,,1016.8,
2019-07-18,21.6,18.0,24.5,,,294.0,11.8,,1014.1,
2019-07-19,22.3,18.2,25.8,,,273.0,11.8,,1010.8,
2019-07-20,23.0,21.5,25.8,,,252.0,17.5,,1013.2,
2019-07-21,23.2,19.5,26.7,,,263.0,12.5,,1016.0,
2019-07-22,23.3,19.5,26.5,,,267.0,9.7,,1015.3,
2019-07-23,23.5,20.9,26.5,,,269.0,10.1,,1014.3,
2019-07-24,23.8,21.8,26.5,,,318.0,10.4,,1013.5,
2019-07-25,23.3,21.5,26.0,,,320.0,11.4,,1014.9,
2019-07-26,22.2,17.5,25.8,,,323.0,12.1,,1016.8,
2019-07-27,21.3,14.1,25.1,,,319.0,12.1,,1015.9,
2019-07-28,22.5,20.5,25.2,,,347.0,12.8,,1012.5,
2019-07-29,22.5,19.0,25.5,,,337.0,13.1,,1013.6,
2019-07-30,21.2,15.5,25.0,,,293.0,11.6,,1013.4,
2019-07-31,21.9,16.5,26.1,,,247.0,14.7,,1011.0,
2019-08-01,23.7,21.5,27.1,,,252.0,15.4,,1012.4,
2019-08-02,23.0,19.7,26.2,0.0,,297.0,11.5,,1014.8,
2019-08-03,22.1,18.5,24.5,0.0,,279.0,11.6,,1015.0,
2019-08-04,22.6,17.5,25.5,,,284.0,9.1,,1015.1,
2019-08-05,22.6,18.2,25.5,,,300.0,7.8,,1014.9,
2019-08-06,22.9,18.0,26.5,,,308.0,7.6,,1013.9,
2019-08-07,23.2,17.9,26.3,,,322.0,9.3,,1014.2,
2019-08-08,23.1,17.8,27.5,,,5.0,11.0,,1014.6,
2019-08-09,22.3,17.5,26.5,,,4.0,11.7,,1017.7,
2019-08-10,23.9,19.1,27.2,,,11.0,10.5,,1017.9,
2019-08-11,21.9,17.5,26.0,,,5.0,12.1,,1017.8,
2019-08-12,20.9,15.7,25.5,,,18.0,9.4,,1016.2,
2019-08-13,21.1,14.5,27.5,,,282.0,7.6,,1015.1,
2019-08-14,23.8,17.3,27.9,,,269.0,8.4,,1015.0,
2019-08-15,23.8,20.1,27.5,,,270.0,9.8,,1015.3,
2019-08-16,23.4,19.7,27.7,,,276.0,8.3,,1014.7,
2019-08-17,23.4,19.7,27.9,,,260.0,9.7,,1013.3,
2019-08-18,23.0,20.5,26.5,,,265.0,11.1,,1014.8,
2019-08-19,22.8,18.2,26.5,,,309.0,7.9,,1015.6,
2019-08-20,21.4,15.0,26.5,,,325.0,7.6,,1015.9,
2019-08-21,20.7,14.7,25.5,,,295.0,6.6,,1014.8,
2019-08-22,23.1,15.3,29.5,,,40.0,7.1,,1012.0,
2019-08-23,25.1,17.1,31.5,,,282.0,6.9,,1011.8,
2019-08-24,24.0,19.5,27.5,,,264.0,7.5,,1013.4,
2019-08-25,24.4,21.5,27.5,,,256.0,13.5,,1013.2,
2019-08-26,22.6,18.5,24.8,,,293.0,10.8,,1014.2,
2019-08-27,20.8,15.5,25.5,,,43.0,9.5,,1015.6,
2019-08-28,21.9,15.3,25.6,,,41.0,7.6,,1014.6,
2019-08-29,24.1,16.7,28.5,,,272.0,7.6,,1015.5,
2019-08-30,25.1,19.0,33.5,,,357.0,7.9,,1015.5,
2019-08-31,24.4,19.1,29.5,,,276.0,10.3,,1014.9,
2019-09-01,23.1,17.9,26.7,,,295.0,7.2,,1013.4,
2019-09-02,23.7,18.5,26.7,,,277.0,10.2,,1013.6,
2019-09-03,23.7,18.1,28.5,,,296.0,9.5,,1015.9,
2019-09-04,23.3,18.5,27.5,,,281.0,8.4,,1016.5,
2019-09-05,23.6,21.5,26.5,,,273.0,8.2,,1014.5,
2019-09-06,23.4,19.1,26.8,,,267.0,9.4,,1011.7,
2019-09-07,24.2,20.5,27.5,,,274.0,10.1,,1011.9,
2019-09-08,24.3,20.0,28.7,,,339.0,8.3,,1013.8,
2019-09-09,22.6,15.7,28.7,,,346.0,7.5,,1016.5,
2019-09-10,21.6,17.0,24.5,,,281.0,12.1,,1018.8,
2019-09-11,20.3,13.2,24.8,,,280.0,10.7,,1017.5,
2019-09-12,21.1,13.0,28.5,,,68.0,11.8,,1016.1,
2019-09-13,20.7,12.5,26.5,,,11.0,7.5,,1015.0,
2019-09-14,21.3,12.2,26.5,,,239.0,11.0,,1015.8,
2019-09-15,22.3,18.5,26.5,,,262.0,10.7,,1017.6,
2019-09-16,21.0,15.3,25.7,,,41.0,8.2,,1017.3,
2019-09-17,21.5,16.9,25.5,,,5.0,7.2,,1014.9,
2019-09-18,21.1,16.5,25.5,,,23.0,8.0,,1016.1,
2019-09-19,20.6,15.4,26.0,,,39.0,9.7,,1015.8,
2019-09-20,19.6,14.2,25.1,,,22.0,8.4,,1014.8,
2019-09-21,19.9,16.2,24.7,,,19.0,9.7,,1014.4,
2019-09-22,20.6,15.4,26.5,,,216.0,13.6,,1016.9,
2019-09-23,19.6,14.5,25.5,,,34.0,15.5,,1018.8,
2019-09-24,18.9,12.5,25.5,,,8.0,8.4,,1019.1,
2019-09-25,19.8,12.5,25.5,,,53.0,12.9,,1018.1,
2019-09-26,19.4,13.5,27.0,,,46.0,11.8,,1017.4,
2019-09-27,19.7,14.2,27.5,,,7.0,7.8,,1018.3,
2019-09-28,19.6,11.5,28.5,,,24.0,10.5,,1017.0,
2019-09-29,21.3,16.4,26.6,,,294.0,9.2,,1017.7,
2019-09-30,24.6,14.6,38.5,,,53.0,12.2,,1015.3,
2019-10-01,19.9,14.5,24.8,,,281.0,9.8,,1017.5,
2019-10-02,19.7,14.5,25.5,,,274.0,12.1,,1019.7,
2019-10-03,19.8,14.5,24.7,,,308.0,9.2,,1019.9,
2019-10-04,18.2,11.1,25.0,,,48.0,11.5,,1017.7,
2019-10-05,20.2,15.5,24.5,,,35.0,11.9,,1016.8,
2019-10-06,20.6,14.5,25.5,,,50.0,12.2,,1018.2,
2019-10-07,17.1,10.5,25.5,,,62.0,9.1,,1016.8,
2019-10-08,17.6,11.5,24.1,,,222.0,7.7,,1014.7,
2019-10-09,20.0,13.7,25.7,,,253.0,9.4,,1014.1,
2019-10-10,20.1,15.7,25.6,,,265.0,9.8,,1014.6,
2019-10-11,21.7,16.0,28.5,,,140.0,7.8,,1015.5,
2019-10-12,20.2,15.5,24.5,,,257.0,11.6,,1015.4,
2019-10-13,21.1,15.5,29.5,,,357.0,11.1,,1013.3,
2019-10-14,20.0,14.5,23.2,,,239.0,16.5,,1019.0,
2019-10-15,16.7,11.5,23.0,,,75.0,12.0,,1020.8,
2019-10-16,15.3,9.5,22.0,,,66.0,10.9,,1020.1,
2019-10-17,15.8,9.5,22.5,,,67.0,11.1,,1020.0,
2019-10-18,16.7,9.5,24.0,,,62.0,11.5,,1018.6,
2019-10-19,19.4,12.2,25.2,,,189.0,13.4,,1014.1,
2019-10-20,17.6,12.5,20.7,7.4,,265.0,12.2,,1014.7,
2019-10-21,14.9,9.5,21.0,0.5,,94.0,8.8,,1015.8,
2019-10-22,13.0,10.4,16.5,15.5,,182.0,13.1,,1013.4,
2019-10-23,15.2,12.0,20.4,23.9,,208.0,17.6,,1016.2,
2019-10-24,16.9,11.5,23.5,3.0,,99.0,14.2,,1020.3,
2019-10-25,17.1,7.1,27.0,0.0,,113.0,7.6,,1018.7,
2019-10-26,21.3,14.5,30.5,,,181.0,10.6,,1017.7,
2019-10-27,17.9,11.5,23.5,,,213.0,8.1,,1018.9,
2019-10-28,19.9,15.5,24.7,,,104.0,8.5,,1018.2,
2019-10-29,17.9,13.5,23.3,,,50.0,9.8,,1018.4,
2019-10-30,18.6,13.5,23.5,0.0,,67.0,10.0,,1022.8,
2019-10-31,18.8,13.5,24.5,0.0,,70.0,10.2,,1025.7,
2019-11-01,20.0,16.0,24.5,0.0,,118.0,7.8,,1025.5,
2019-11-02,19.1,14.5,22.7,0.0,,212.0,11.6,,1019.7,
2019-11-03,19.9,16.5,22.5,2.8,,238.0,16.3,,1018.5,
2019-11-04,19.1,15.5,22.5,3.0,,222.0,11.2,,1019.2,
2019-11-05,16.6,12.5,19.5,11.4,,232.0,9.9,,1019.4,
2019-11-06,14.6,10.5,20.2,11.9,,153.0,10.8,,1019.7,
2019-11-07,15.1,10.5,21.0,0.0,,182.0,11.2,,1017.8,
2019-11-08,14.1,8.5,19.2,,,50.0,9.1,,1021.2,
2019-11-09,12.8,7.5,18.5,,,76.0,13.8,,1023.9,
2019-11-10,14.4,7.3,19.7,,,244.0,14.6,,1024.0,
2019-11-11,16.1,14.5,18.3,4.8,,222.0,14.0,,1021.6,
2019-11-12,16.2,10.5,20.0,5.1,,261.0,11.3,,1018.4,
2019-11-13,14.2,8.5,20.7,0.0,,190.0,9.6,,1018.6,
2019-11-14,15.2,10.1,19.5,,,224.0,13.9,,1015.5,
2019-11-15,13.9,11.5,15.7,9.7,,294.0,15.2,,1012.7,
2019-11-16,12.0,5.5,16.0,1.3,,292.0,11.0,,1017.4,
2019-11-17,11.1,5.6,17.7,1.0,,188.0,10.9,,1021.6,
2019-11-18,11.7,8.3,16.5,7.6,,187.0,14.7,,1018.4,
2019-11-19,12.3,7.5,17.5,0.3,,145.0,8.4,,1017.4,
2019-11-20,13.3,8.5,17.2,0.5,,185.0,14.6,,1013.6,
2019-11-21,15.3,13.5,19.0,0.8,,208.0,14.5,,1012.2,
2019-11-22,17.2,13.5,19.9,0.8,,208.0,26.1,,1009.5,
2019-11-23,17.3,13.5,19.7,8.4,,268.0,19.3,,1012.9,
2019-11-24,14.6,10.5,19.5,0.5,,85.0,9.0,,1018.7,
2019-11-25,13.3,8.5,20.5,0.0,,73.0,10.7,,1019.5,
2019-11-26,13.9,9.5,20.0,0.0,,108.0,8.1,,1017.9,
2019-11-27,15.9,10.5,21.1,0.0,,189.0,7.2,,1017.7,
2019-11-28,17.2,13.3,21.5,0.0,,66.0,8.5,,1018.7,
2019-11-29,14.3,8.5,21.2,0.0,,52.0,8.8,,1020.5,
2019-11-30,13.2,8.5,19.2,0.3,,53.0,8.3,,1021.1,
2019-12-01,13.7,9.5,17.0,12.2,,200.0,14.1,,1016.8,
2019-12-02,12.6,10.5,14.7,22.9,,191.0,13.5,,1008.9,
2019-12-03,11.9,6.5,15.2,1.3,,190.0,11.6,,1010.0,
2019-12-04,13.8,11.5,17.0,15.5,,204.0,18.2,,1011.8,
2019-12-05,13.9,9.5,18.5,2.8,,92.0,9.7,,1010.3,
2019-12-06,13.9,8.5,18.7,0.0,,147.0,8.9,,1014.2,
2019-12-07,13.1,8.5,19.0,0.0,,164.0,10.4,,1020.4,
2019-12-08,12.4,7.2,17.5,0.3,,107.0,7.1,,1026.2,
2019-12-09,13.9,8.8,21.1,0.0,,101.0,10.0,,1028.4,
2019-12-10,13.5,9.5,18.5,,,70.0,10.5,,1027.1,
2019-12-11,11.4,5.5,18.5,,,145.0,7.0,,1027.1,
2019-12-12,11.8,7.2,16.5,,,91.0,7.6,,1028.2,
2019-12-13,13.2,7.0,18.6,,,158.0,10.4,,1026.8,
2019-12-14,14.8,10.5,19.0,0.3,,74.0,10.7,,1022.2,
2019-12-15,12.4,7.5,19.6,0.0,,124.0,7.4,,1016.1,
2019-12-16,14.6,8.9,21.5,0.0,,195.0,22.4,,1004.8,
2019-12-17,12.6,10.5,16.7,23.9,,230.0,19.9,,1010.6,
2019-12-18,12.8,8.5,18.5,2.0,,157.0,9.2,,1019.9,
2019-12-19,16.3,11.1,20.5,0.0,,199.0,17.1,,1019.4,
2019-12-20,18.3,16.5,20.5,,,214.0,29.1,,1017.9,
2019-12-21,18.2,16.5,20.5,,,220.0,22.6,,1021.5,
2019-12-22,17.1,13.4,20.0,1.0,,205.0,10.4,,1025.6,
2019-12-23,15.4,12.1,20.5,0.3,,62.0,10.2,,1024.8,
2019-12-24,13.6,7.5,21.5,0.0,,114.0,5.2,,1022.9,
2019-12-25,13.7,7.1,20.5,0.0,,148.0,6.6,,1022.6,
2019-12-26,12.4,7.2,19.5,0.0,,98.0,6.7,,1022.0,
2019-12-27,13.0,7.5,22.5,0.0,,140.0,5.0,,1021.3,
2019-12-28,12.3,5.5,21.5,0.0,,115.0,4.0,,1022.3,
2019-12-29,11.6,5.5,20.5,0.0,,132.0,6.6,,1023.3,
2019-12-30,11.1,5.5,19.5,0.0,,95.0,5.7,,1024.8,
2019-12-31,9.4,2.4,18.5,0.0,,131.0,6.9,,1025.8,
2020-01-01,11.1,3.9,18.5,0.0,,186.0,10.2,,1028.9,
2020-01-02,12.5,8.3,18.5,0.3,,144.0,7.7,,1029.5,
2020-01-03,11.5,5.3,17.6,0.0,,88.0,7.5,,1031.0,
2020-01-04,11.4,7.5,18.5,0.0,,82.0,12.2,,1029.7,
2020-01-05,10.0,4.5,17.5,0.0,,66.0,7.1,,1025.8,
2020-01-06,10.6,5.0,17.5,0.0,,89.0,9.3,,1025.7,
2020-01-07,10.3,2.5,19.5,0.0,,90.0,9.7,,1026.7,
2020-01-08,9.8,3.1,17.0,0.0,,108.0,6.6,,1026.7,
2020-01-09,12.2,4.1,17.5,0.3,,174.0,8.5,,1026.4,
2020-01-10,12.9,7.4,18.1,0.0,,77.0,9.7,,1027.0,
2020-01-11,12.1,5.3,18.5,,,74.0,12.8,,1025.4,
2020-01-12,11.6,5.5,19.5,,,70.0,13.4,,1026.2,
2020-01-13,9.8,3.2,17.5,,,172.0,7.4,,1025.6,
2020-01-14,10.5,4.3,18.5,0.0,,146.0,7.9,,1023.9,
2020-01-15,12.3,5.3,21.3,0.0,,144.0,10.9,,1025.5,
2020-01-16,10.6,3.8,19.0,0.0,,145.0,8.9,,1027.3,
2020-01-17,11.0,2.5,19.5,0.0,,97.0,9.3,,1030.8,
2020-01-18,11.4,2.5,20.5,,,39.0,6.7,,1030.6,
2020-01-19,13.9,7.7,16.5,10.9,,284.0,15.3,,1021.9,
2020-01-20,11.1,7.5,13.5,5.8,,119.0,8.9,,1011.1,
2020-01-21,10.1,5.2,15.6,0.0,,145.0,9.3,,1012.0,
2020-01-22,11.6,6.1,15.9,0.0,,191.0,13.0,,1014.2,
2020-01-23,13.1,9.8,17.5,3.8,,195.0,17.3,,1016.1,
2020-01-24,14.2,9.6,18.5,4.1,,190.0,18.7,,1017.9,
2020-01-25,13.1,11.5,16.2,12.4,,197.0,18.7,,1018.4,
2020-01-26,12.8,8.5,17.5,2.5,,184.0,11.9,,1024.9,
2020-01-27,11.3,6.2,17.5,0.3,,54.0,9.3,,1025.8,
2020-01-28,12.3,6.1,19.5,0.0,,71.0,10.5,,1025.4,
2020-01-29,12.1,5.2,21.5,0.3,,130.0,7.4,,1024.7,
2020-01-30,12.3,7.5,22.5,0.0,,121.0,7.0,,1025.9,
2020-01-31,11.9,5.5,21.5,0.0,,129.0,8.3,,1025.8,
2020-02-01,13.7,6.4,22.5,0.0,,55.0,8.4,,1025.6,
2020-02-02,13.7,7.5,21.3,0.0,,39.0,7.5,,1025.4,
2020-02-03,14.2,6.8,23.5,,,145.0,7.7,,1026.7,
2020-02-04,13.1,7.5,19.5,,,39.0,5.6,,1026.1,
2020-02-05,13.0,6.7,20.5,0.3,,343.0,3.6,,1021.0,
2020-02-06,13.4,3.4,23.5,0.3,,274.0,5.6,,1019.1,
2020-02-07,15.3,9.6,19.6,0.0,,224.0,11.9,,1023.9,
2020-02-08,13.6,7.2,18.8,,,149.0,8.3,,1026.7,
2020-02-09,14.0,7.5,19.7,0.0,,53.0,11.4,,1028.2,
2020-02-10,13.7,7.7,19.5,0.0,,99.0,7.9,,1029.3,
2020-02-11,13.9,7.6,19.5,0.0,,346.0,5.5,,1027.4,
2020-02-12,13.1,6.3,18.5,0.0,,25.0,5.1,,1024.6,
2020-02-13,14.1,10.5,18.5,,,62.0,5.8,,1024.5,
2020-02-14,13.3,7.5,19.5,,,53.0,7.3,,1023.0,
2020-02-15,13.3,8.0,20.5,,,90.0,8.7,,1024.6,
2020-02-16,14.1,8.6,16.5,,,63.0,8.9,,1026.5,
2020-02-17,14.6,10.0,18.5,,,48.0,10.1,,1028.1,
2020-02-18,15.3,8.6,19.5,,,50.0,11.8,,1027.3,
2020-02-19,16.6,13.0,20.5,,,36.0,11.8,,1022.7,
2020-02-20,15.9,8.5,22.2,,,89.0,9.4,,1018.5,
2020-02-21,17.6,9.2,25.5,,,58.0,11.9,,1020.4,
2020-02-22,17.8,12.3,27.5,,,81.0,16.4,,1022.3,
2020-02-23,16.6,6.2,25.5,,,82.0,9.3,,1024.6,
2020-02-24,15.6,5.5,23.9,,,227.0,11.4,,1025.7,
2020-02-25,15.5,8.5,19.5,,,248.0,12.5,,1026.1,
2020-02-26,14.3,8.3,19.5,,,18.0,10.3,,1024.3,
2020-02-27,13.3,7.2,21.0,,,57.0,14.6,,1022.8,
2020-02-28,13.8,5.5,22.5,,,59.0,7.0,,1019.8,
2020-02-29,15.0,7.8,19.5,,,261.0,10.9,,1021.3,
2020-03-01,15.8,9.6,21.5,,,217.0,11.5,,1021.5,
2020-03-02,16.2,10.5,21.6,,,228.0,14.8,,1022.1,
2020-03-03,15.4,10.5,20.5,,,9.0,9.7,,1025.2,
2020-03-04,14.4,7.0,21.0,,,54.0,15.3,,1023.6,
2020-03-05,14.8,7.4,19.8,,,309.0,9.4,,1021.9,
2020-03-06,14.6,8.5,18.6,0.0,,7.0,13.6,,1024.8,
2020-03-07,12.3,7.5,18.5,0.0,,53.0,14.8,,1023.2,
2020-03-08,13.1,5.5,23.5,,,24.0,11.1,,1023.1,
2020-03-09,12.6,4.1,20.5,,,41.0,10.2,,1025.8,
2020-03-10,14.8,5.5,21.5,0.0,,48.0,11.7,,1021.9,
2020-03-11,15.0,7.0,24.5,0.0,,204.0,9.1,,1018.7,
2020-03-12,14.6,6.5,22.5,,,218.0,8.4,,1018.8,
2020-03-13,15.7,11.5,19.5,,,288.0,8.0,,1018.3,
2020-03-14,14.4,10.2,19.2,,,34.0,8.7,,1017.4,
2020-03-15,15.6,9.9,18.1,,,282.0,9.6,,1015.3,
2020-03-16,14.7,10.9,16.7,0.5,,316.0,16.3,,1017.7,
2020-03-17,12.2,7.0,18.5,0.8,,191.0,13.3,,1016.0,
2020-03-18,13.7,6.5,18.3,0.3,,308.0,11.0,,1012.7,
2020-03-19,17.0,12.0,26.0,0.3,,95.0,14.1,,1009.9,
2020-03-20,16.9,14.0,20.5,1.8,,234.0,16.0,,1012.5,
2020-03-21,15.3,9.7,18.5,1.3,,240.0,23.3,,1015.2,
2020-03-22,14.7,11.5,18.5,9.4,,217.0,16.7,,1012.2,
2020-03-23,14.1,7.1,18.5,5.1,,42.0,16.3,,1008.5,
2020-03-24,14.6,10.5,17.5,3.0,,249.0,10.4,,1007.1,
2020-03-25,14.1,7.9,19.5,3.0,,207.0,11.7,,1014.0,
2020-03-26,14.2,7.0,19.6,0.0,,47.0,11.3,,1013.1,
2020-03-27,14.9,8.6,19.5,,,354.0,9.1,,1010.9,
2020-03-28,14.4,8.5,18.6,1.0,,334.0,10.1,,1014.5,
2020-03-29,13.6,8.4,18.5,0.0,,208.0,11.0,,1017.4,
2020-03-30,14.4,5.7,20.5,,,198.0,11.9,,1011.6,
2020-03-31,16.9,14.2,19.5,7.9,,226.0,24.7,,1008.6,
2020-04-01,15.5,13.5,18.2,4.3,,236.0,14.7,,1014.2,
2020-04-02,14.8,11.6,18.6,2.8,,240.0,16.4,,1015.4,
2020-04-03,14.8,7.4,23.2,3.0,,74.0,12.8,,1012.5,
2020-04-04,16.4,9.1,22.5,0.0,,233.0,11.8,,1010.5,
2020-04-05,17.1,10.4,22.5,,,239.0,10.0,,1016.4,
2020-04-06,18.4,13.5,22.5,,,260.0,10.6,,1020.2,
2020-04-07,17.4,12.5,23.0,,,20.0,12.3,,1020.5,
2020-04-08,17.9,12.2,23.5,,,270.0,7.3,,1018.1,
2020-04-09,18.8,15.7,21.5,,,252.0,13.9,,1017.5,
2020-04-10,17.9,13.5,22.5,,,327.0,9.9,,1018.1,
2020-04-11,18.0,12.7,21.5,,,266.0,12.8,,1015.3,
2020-04-12,17.5,16.4,19.5,1.5,,224.0,13.0,,1012.5,
2020-04-13,17.0,11.5,20.7,0.5,,256.0,16.5,,1010.3,
2020-04-14,17.1,11.9,22.5,0.0,,209.0,13.2,,1009.6,
2020-04-15,17.6,13.5,21.5,1.5,,222.0,16.0,,1013.1,
2020-04-16,17.6,10.4,23.5,0.0,,220.0,13.4,,1015.4,
2020-04-17,17.2,10.6,21.7,,,346.0,11.5,,1014.8,
2020-04-18,17.3,11.0,21.5,,,344.0,12.3,,1012.6,
2020-04-19,18.6,17.2,20.5,,,297.0,17.3,,1014.6,
2020-04-20,16.9,10.9,21.5,,,236.0,20.5,,1016.5,
2020-04-21,16.5,14.5,19.5,4.3,,251.0,26.0,,1015.8,
2020-04-22,15.8,11.5,20.1,0.3,,251.0,10.8,,1016.4,
2020-04-23,15.3,8.5,20.5,0.0,,247.0,10.8,,1012.4,
2020-04-24,17.4,11.6,21.5,,,245.0,12.0,,1009.2,
2020-04-25,17.9,12.5,21.5,2.5,,245.0,14.1,,1014.0,
2020-04-26,15.7,9.2,20.5,0.0,,254.0,13.6,,1015.6,
2020-04-27,16.4,9.1,21.5,,,249.0,11.9,,1015.8,
2020-04-28,17.8,11.1,22.0,,,290.0,13.5,,1018.1,
2020-04-29,17.2,9.6,21.7,,,260.0,12.0,,1021.6,
2020-04-30,16.4,7.8,22.5,,,268.0,10.0,,1022.1,
2020-05-01,17.8,10.9,23.5,,,254.0,11.1,,1022.2,
2020-05-02,19.3,10.0,26.5,,,245.0,11.0,,1019.5,
2020-05-03,27.7,14.3,41.5,,,236.0,10.2,,1012.2,
2020-05-04,20.7,15.5,24.7,,,233.0,9.1,,1014.5,
2020-05-05,18.4,12.2,23.5,,,240.0,10.8,,1016.6,
2020-05-06,18.3,11.5,23.7,,,258.0,10.4,,1015.1,
2020-05-07,19.6,13.5,24.0,,,233.0,12.8,,1012.3,
2020-05-08,20.1,15.5,22.5,,,274.0,11.2,,1015.3,
2020-05-09,17.6,11.0,21.9,,,256.0,10.9,,1015.2,
2020-05-10,19.3,15.5,22.0,1.3,,250.0,11.7,,1015.0,
2020-05-11,19.0,11.8,24.5,0.5,,256.0,11.8,,1013.8,
2020-05-12,18.8,15.8,22.0,1.3,,246.0,14.8,,1011.0,
2020-05-13,16.9,13.5,21.7,31.0,,242.0,18.1,,1009.1,
2020-05-14,16.5,13.4,20.6,1.3,,227.0,23.3,,1009.5,
2020-05-15,16.4,13.5,20.7,12.7,,221.0,22.3,,1010.8,
2020-05-16,16.8,12.1,21.0,0.3,,262.0,14.4,,1015.9,
2020-05-17,17.9,11.5,22.5,0.0,,272.0,15.1,,1020.0,
2020-05-18,19.6,11.5,26.5,0.0,,347.0,14.6,,1019.7,
2020-05-19,20.4,11.5,26.5,,,336.0,12.6,,1016.6,
2020-05-20,20.1,12.2,26.0,,,309.0,12.6,,1016.2,
2020-05-21,19.9,15.1,23.5,,,281.0,11.3,,1018.9,
2020-05-22,21.2,15.0,27.1,,,272.0,9.9,,1019.7,
2020-05-23,23.3,16.7,30.5,0.0,,297.0,13.1,,1018.2,
2020-05-24,25.2,14.5,34.0,0.0,,22.0,16.4,,1015.9,
2020-05-25,23.6,14.1,30.7,,,331.0,11.2,,1015.8,
2020-05-26,22.3,18.8,26.5,,,257.0,13.1,,1015.4,
2020-05-27,21.6,15.9,26.0,0.0,,268.0,11.4,,1014.8,
2020-05-28,21.7,18.2,24.5,0.0,,267.0,11.7,,1014.3,
2020-05-29,21.2,17.7,23.8,,,264.0,12.5,,1012.1,
2020-05-30,20.6,14.6,23.5,,,265.0,15.3,,1009.3,
2020-05-31,21.8,18.2,25.5,,,259.0,15.1,,1010.8,
2020-06-01,21.8,17.5,25.5,,,274.0,13.1,,1013.6,
2020-06-02,20.3,14.3,25.2,,,313.0,11.6,,1014.7,
2020-06-03,21.3,13.8,25.1,,,356.0,10.5,,1013.8,
2020-06-04,20.6,14.1,26.5,,,291.0,17.5,,1014.1,
2020-06-05,20.6,13.3,25.5,,,347.0,12.5,,1015.4,
2020-06-06,23.3,17.2,29.5,,,278.0,15.5,,1012.6,
2020-06-07,21.8,19.5,24.5,4.3,,253.0,20.5,,1015.5,
2020-06-08,20.2,17.5,23.0,4.6,,308.0,13.4,,1017.6,
2020-06-09,19.5,14.0,23.5,0.0,,319.0,12.5,,1018.3,
2020-06-10,19.7,13.3,23.5,0.0,,291.0,12.6,,1017.6,
2020-06-11,21.1,19.5,23.5,,,280.0,16.0,,1017.2,
2020-06-12,19.8,15.0,23.5,,,256.0,20.6,,1014.7,
2020-06-13,20.7,18.0,24.5,0.3,,292.0,12.4,,1017.4,
2020-06-14,20.0,13.3,24.5,0.0,,329.0,13.8,,1021.9,
2020-06-15,19.8,13.5,24.5,,,325.0,14.1,,1023.2,
2020-06-16,19.8,14.0,23.5,,,328.0,10.6,,1022.9,
2020-06-17,20.6,15.7,24.5,,,333.0,11.3,,1017.9,
2020-06-18,19.8,13.0,23.7,,,310.0,13.5,,1015.8,
2020-06-19,21.3,17.5,24.5,,,320.0,12.5,,1019.3,
2020-06-20,20.6,12.9,25.5,,,317.0,11.9,,1020.2,
2020-06-21,20.9,14.5,26.5,,,283.0,12.8,,1020.0,
2020-06-22,23.1,17.5,29.5,,,267.0,14.8,,1013.7,
2020-06-23,22.9,21.4,25.5,,,247.0,21.2,,1012.2,
2020-06-24,22.9,21.0,25.5,,,254.0,17.0,,1014.0,
2020-06-25,22.7,21.5,24.5,,,260.0,14.9,,1015.8,
2020-06-26,22.0,20.5,24.5,,,280.0,15.6,,1017.4,
2020-06-27,21.8,17.0,24.5,,,304.0,12.6,,1017.6,
2020-06-28,21.4,14.5,25.5,,,299.0,13.5,,1016.5,
2020-06-29,22.9,17.2,27.6,,,272.0,13.3,,1013.4,
2020-06-30,23.3,19.5,25.5,,,263.0,16.1,,1013.1,
2020-07-01,22.6,18.0,26.5,,,283.0,11.7,,1014.8,
2020-07-02,23.4,20.5,25.5,,,277.0,12.5,,1017.3,
2020-07-03,21.9,15.5,26.5,,,317.0,14.3,,1018.2,
2020-07-04,21.6,14.2,26.5,,,283.0,11.3,,1017.1,
2020-07-05,24.6,18.1,28.5,,,291.0,14.0,,1014.7,
2020-07-06,25.9,19.0,31.7,,,301.0,12.7,,1013.3,
2020-07-07,27.9,16.5,38.5,,,306.0,11.1,,1011.2,
2020-07-08,24.7,23.3,26.6,,,276.0,15.0,,1014.0,
2020-07-09,22.8,21.0,25.5,,,317.0,13.2,,1015.9,
2020-07-10,22.5,17.0,26.5,,,340.0,13.7,,1012.6,
2020-07-11,23.5,17.4,28.5,,,260.0,14.3,,1010.1,
2020-07-12,24.5,22.0,26.6,,,252.0,15.1,,1012.8,
2020-07-13,24.4,20.1,27.5,,,265.0,13.2,,1014.9,
2020-07-14,25.3,22.5,27.7,,,271.0,12.2,,1011.3,
2020-07-15,25.8,22.4,30.2,,,249.0,14.4,,1008.5,
2020-07-16,27.4,21.3,31.7,,,294.0,14.9,,1009.5,
2020-07-17,26.1,22.5,31.5,,,259.0,14.7,,1011.7,
2020-07-18,24.4,18.1,28.5,,,267.0,12.5,,1013.0,
2020-07-19,23.4,18.0,28.5,,,296.0,11.1,,1013.4,
2020-07-20,24.6,19.7,27.5,,,253.0,17.4,,1010.7,
2020-07-21,24.4,22.5,26.5,,,262.0,14.7,,1014.0,
2020-07-22,22.9,16.5,27.5,,,336.0,12.1,,1016.4,
2020-07-23,24.0,18.4,27.5,,,313.0,11.1,,1015.7,
2020-07-24,24.1,18.5,28.5,,,267.0,11.7,,1013.6,
2020-07-25,23.9,17.5,27.6,,,259.0,12.6,,1011.8,
2020-07-26,25.2,20.6,27.5,,,244.0,15.2,,1011.7,
2020-07-27,24.6,21.5,27.5,,,271.0,13.8,,1014.6,
2020-07-28,24.7,20.9,26.5,,,281.0,12.4,,1014.6,
2020-07-29,24.4,22.2,26.5,,,293.0,12.0,,1012.5,
2020-07-30,24.4,22.5,26.6,,,301.0,12.4,,1012.3,
2020-07-31,25.1,23.3,28.5,,,300.0,13.6,,1014.4,
2020-08-01,26.4,23.5,31.5,,,326.0,13.3,,1016.3,
2020-08-02,25.2,19.2,29.5,,,302.0,13.7,,1016.7,
2020-08-03,23.7,19.4,27.3,,,252.0,11.9,,1016.0,
2020-08-04,24.2,21.3,26.5,,,275.0,13.0,,1012.1,
2020-08-05,23.4,18.5,27.5,,,276.0,13.4,,1009.5,
2020-08-06,24.8,22.5,27.5,,,260.0,16.2,,1011.3,
2020-08-07,24.8,23.3,27.5,,,297.0,11.3,,1016.1,
2020-08-08,24.8,23.4,27.5,,,341.0,8.0,,1016.7,
2020-08-09,24.8,23.5,27.5,,,356.0,7.5,,1014.2,
2020-08-10,24.6,23.0,26.7,0.0,,314.0,9.8,,1011.4,
2020-08-11,23.7,22.1,25.5,0.3,,314.0,10.5,,1012.8,
2020-08-12,23.6,20.5,26.5,0.0,,16.0,10.6,,1016.1,
2020-08-13,23.2,18.5,26.5,,,37.0,11.0,,1016.1,
2020-08-14,23.5,21.5,26.1,,,334.0,9.6,,1015.9,
2020-08-15,22.1,16.0,25.5,,,354.0,9.6,,1017.3,
2020-08-16,21.3,16.5,26.5,,,14.0,10.0,,1017.2,
2020-08-17,21.7,14.1,26.5,,,18.0,11.0,,1016.2,
2020-08-18,23.3,18.9,27.5,,,356.0,7.6,,1013.9,
2020-08-19,23.5,19.2,27.5,,,307.0,9.4,,1010.3,
2020-08-20,22.6,16.3,27.5,,,358.0,7.2,,1010.2,
2020-08-21,21.9,15.9,27.5,0.0,,41.0,10.6,,1015.0,
2020-08-22,24.2,18.7,28.5,0.0,,32.0,9.6,,1019.1,
2020-08-23,22.9,15.9,28.5,,,1.0,7.1,,1017.2,
2020-08-24,22.3,15.0,28.1,,,355.0,6.1,,1013.5,
2020-08-25,24.7,19.0,28.6,0.0,,335.0,7.1,,1012.9,
2020-08-26,26.2,18.9,33.5,0.0,,6.0,7.6,,1015.1,
2020-08-27,24.8,19.2,29.5,,,359.0,7.8,,1015.7,
2020-08-28,23.8,20.2,26.5,,,303.0,8.9,,1013.4,
2020-08-29,21.3,15.4,24.5,,,346.0,10.0,,1010.4,
2020-08-30,20.5,14.0,26.5,,,33.0,9.3,,1009.5,
2020-08-31,22.8,15.0,31.5,,,2.0,9.6,,1010.5,
2020-09-01,23.5,19.6,26.5,,,298.0,10.4,,1012.6,
2020-09-02,21.2,15.8,25.7,,,359.0,6.9,,1012.8,
2020-09-03,22.8,13.4,30.5,,,340.0,5.7,,1011.8,
2020-09-04,22.6,16.9,28.5,,,327.0,6.4,,1015.1,
2020-09-05,23.5,19.5,26.7,0.0,,302.0,9.4,,1014.1,
2020-09-06,23.9,21.5,27.5,0.0,,315.0,8.3,,1012.5,
2020-09-07,23.2,18.2,27.6,,,359.0,6.7,,1014.2,
2020-09-08,23.2,16.5,28.5,,,354.0,6.3,,1015.5,
2020-09-09,22.3,18.2,26.7,,,285.0,8.7,,1016.6,
2020-09-10,22.5,16.4,27.5,,,324.0,7.7,,1015.1,
2020-09-11,22.3,16.4,27.5,,,269.0,10.3,,1011.7,
2020-09-12,22.9,18.2,26.5,,,286.0,9.2,,1013.0,
2020-09-13,23.0,19.5,26.5,,,352.0,7.1,,1017.0,
2020-09-14,22.3,19.2,25.6,,,3.0,6.3,,1019.2,
2020-09-15,21.4,14.9,26.5,,,16.0,8.2,,1019.6,
2020-09-16,24.0,20.2,28.5,,,50.0,9.3,,1016.8,
2020-09-17,24.4,21.2,28.0,,,299.0,6.7,,1013.5,
2020-09-18,22.7,19.5,26.5,7.6,,259.0,13.8,,1014.5,
2020-09-19,21.1,16.0,26.5,1.0,,354.0,6.6,,1018.7,
2020-09-20,20.7,16.2,25.5,0.0,,31.0,9.8,,1018.7,
2020-09-21,21.4,15.5,26.5,,,46.0,9.2,,1017.1,
2020-09-22,21.4,15.9,26.5,,,11.0,6.2,,1016.2,
2020-09-23,24.9,18.7,34.2,1.0,,92.0,10.0,,1014.9,
2020-09-24,26.1,19.5,34.5,0.0,,68.0,12.8,,1014.5,
2020-09-25,21.7,16.5,26.7,,,11.0,11.8,,1021.4,
2020-09-26,18.7,12.6,24.5,,,8.0,6.9,,1020.2,
2020-09-27,18.8,12.1,24.1,,,14.0,8.8,,1015.8,
2020-09-28,19.4,13.8,24.5,,,16.0,8.0,,1013.3,
2020-09-29,20.7,14.5,26.5,,,305.0,7.3,,1013.2,
2020-09-30,22.6,20.5,26.0,,,278.0,10.8,,1016.0,
2020-10-01,20.4,15.0,23.7,,,320.0,7.6,,1016.1,
2020-10-02,20.3,15.7,23.1,,,276.0,9.0,,1013.1,
2020-10-03,19.0,13.5,22.5,9.9,,32.0,12.2,,1013.2,
2020-10-04,17.1,10.4,22.5,0.0,,57.0,10.4,,1014.9,
2020-10-05,18.2,13.2,23.5,,,53.0,11.4,,1019.1,
2020-10-06,18.0,13.0,23.5,,,16.0,7.7,,1020.6,
2020-10-07,18.8,13.2,25.5,,,340.0,7.0,,1018.4,
2020-10-08,20.1,13.5,26.0,,,306.0,6.4,,1018.3,
2020-10-09,19.1,14.1,23.8,0.0,,348.0,4.1,,1018.8,
2020-10-10,20.9,16.2,24.5,0.0,,298.0,7.1,,1019.0,
2020-10-11,20.3,15.5,25.5,,,334.0,7.7,,1018.4,
2020-10-12,19.1,13.1,23.5,,,317.0,6.7,,1018.3,
2020-10-13,17.6,11.9,23.5,0.3,,310.0,6.9,,1016.5,
2020-10-14,17.6,11.3,21.5,0.0,,307.0,9.4,,1017.3,
2020-10-15,19.4,14.8,22.5,0.0,,317.0,7.2,,1017.9,
2020-10-16,16.0,9.5,21.5,0.0,,347.0,4.4,,1017.6,
2020-10-17,16.3,9.0,21.5,,,6.0,6.7,,1017.1,
2020-10-18,17.6,10.3,25.6,,,31.0,7.7,,1015.0,
2020-10-19,18.8,12.4,25.2,,,305.0,6.0,,1015.2,
2020-10-20,22.2,15.1,29.5,,,275.0,10.5,,1011.3,
2020-10-21,20.9,19.0,23.6,2.3,,254.0,11.9,,1012.4,
2020-10-22,19.1,14.8,22.5,1.0,,245.0,9.8,,1015.1,
2020-10-23,17.0,12.1,22.5,0.5,,297.0,7.8,,1023.4,
2020-10-24,16.9,11.5,24.2,,,29.0,7.7,,1025.6,
2020-10-25,15.6,9.0,21.6,,,0.0,4.7,,1023.1,
2020-10-26,16.1,10.0,19.5,2.5,,140.0,8.5,,1022.1,
2020-10-27,15.3,10.0,21.6,3.0,,61.0,9.8,,1021.2,
2020-10-28,15.6,9.3,23.4,0.0,,42.0,8.3,,1020.9,
2020-10-29,15.7,8.5,23.8,0.0,,8.0,5.3,,1020.2,
2020-10-30,17.2,9.4,25.5,0.0,,339.0,4.7,,1020.7,
2020-10-31,17.4,12.9,22.5,0.3,,341.0,5.0,,1023.3,
2020-11-01,17.1,10.5,22.5,0.0,,58.0,7.0,,1022.5,
2020-11-02,16.2,10.5,21.6,0.3,,302.0,5.7,,1020.1,
2020-11-03,18.5,13.5,22.5,0.3,,277.0,9.2,,1021.3,
2020-11-04,18.0,13.4,21.5,1.0,,254.0,9.1,,1015.3,
2020-11-05,18.1,15.1,22.5,8.1,,212.0,9.9,,1010.3,
2020-11-06,19.3,14.5,25.6,0.0,,208.0,9.9,,1011.6,
2020-11-07,19.1,13.3,23.0,0.3,,285.0,14.1,,1020.3,
2020-11-08,16.2,10.5,22.5,0.0,,3.0,5.4,,1021.3,
2020-11-09,16.3,11.5,22.5,,,8.0,5.2,,1022.4,
2020-11-10,16.5,12.5,22.5,0.3,,29.0,7.6,,1022.2,
2020-11-11,14.8,7.6,22.5,0.0,,348.0,2.7,,1018.6,
2020-11-12,16.5,11.5,24.5,0.0,,283.0,5.1,,1016.7,
2020-11-13,19.2,12.3,22.5,0.0,,300.0,4.3,,1019.1,
2020-11-14,19.2,14.5,25.5,,,13.0,4.6,,1019.9,
2020-11-15,23.6,17.5,32.5,,,142.0,8.9,,1020.1,
2020-11-16,19.6,12.9,29.5,,,12.0,4.9,,1022.8,
2020-11-17,19.8,12.2,28.2,,,24.0,4.9,,1023.5,
2020-11-18,20.5,10.5,32.6,0.0,,39.0,6.2,,1021.5,
2020-11-19,19.7,9.4,30.5,,,71.0,9.3,,1019.8,
2020-11-20,17.6,11.5,24.5,,,59.0,7.2,,1020.2,
2020-11-21,14.8,7.5,22.7,,,349.0,4.1,,1019.8,
2020-11-22,14.2,6.8,21.5,,,5.0,4.3,,1020.5,
2020-11-23,13.1,5.9,22.5,,,347.0,3.8,,1022.1,
2020-11-24,14.1,6.5,20.5,0.0,,276.0,5.2,,1022.1,
2020-11-25,16.0,10.1,22.5,5.1,,232.0,11.1,,1015.1,
2020-11-26,13.6,10.5,17.2,6.1,,209.0,18.7,,1007.4,
2020-11-27,11.9,9.0,15.0,8.6,,221.0,13.8,,1007.0,
2020-11-28,15.2,11.6,19.5,25.7,,227.0,19.5,,1010.1,
2020-11-29,17.1,14.0,20.0,0.0,,198.0,10.0,,1012.1,
2020-11-30,16.4,12.5,23.5,,,39.0,5.2,,1014.7,
2020-12-01,17.4,11.2,25.7,,,62.0,6.5,,1018.0,
2020-12-02,16.4,9.3,25.0,,,73.0,6.7,,1014.8,
2020-12-03,14.7,7.5,20.5,,,301.0,5.0,,1013.7,
2020-12-04,15.9,13.1,18.5,11.2,,251.0,17.4,,1010.3,
2020-12-05,13.3,10.3,15.8,9.4,,316.0,13.5,,1011.4,
2020-12-06,12.3,9.2,15.5,15.0,,230.0,12.0,,1018.2,
2020-12-07,15.2,11.0,18.5,7.4,,228.0,15.8,,1021.0,
2020-12-08,16.3,14.4,19.5,4.6,,245.0,13.8,,1022.2,
2020-12-09,15.0,11.5,18.5,29.2,,272.0,6.1,,1023.1,
2020-12-10,15.7,10.6,18.6,1.0,,243.0,9.6,,1023.3,
2020-12-11,17.1,15.5,18.5,2.8,,253.0,12.3,,1022.7,
2020-12-12,16.3,13.5,19.5,3.0,,310.0,4.3,,1021.3,
2020-12-13,16.2,12.8,18.5,0.0,,52.0,7.5,,1014.9,
2020-12-14,17.6,13.5,21.1,,,233.0,11.8,,1014.8,
2020-12-15,15.5,12.3,19.5,6.4,,341.0,5.4,,1017.6,
2020-12-16,14.3,8.8,18.7,3.0,,230.0,13.5,,1015.8,
2020-12-17,14.3,10.5,17.5,8.4,,257.0,7.2,,1020.4,
2020-12-18,12.9,8.5,18.5,0.0,,357.0,3.5,,1021.5,
2020-12-19,13.1,7.6,17.7,0.3,,312.0,3.3,,1021.6,
2020-12-20,15.3,12.6,19.5,0.3,,273.0,5.1,,1024.2,
2020-12-21,13.4,8.5,19.6,0.3,,26.0,5.3,,1025.8,
2020-12-22,13.6,9.5,20.5,0.3,,323.0,3.7,,1023.9,
2020-12-23,13.3,9.5,20.5,0.0,,357.0,3.5,,1024.6,
2020-12-24,13.8,9.3,18.6,0.3,,12.0,3.8,,1021.9,
2020-12-25,13.3,10.3,17.5,0.0,,55.0,7.2,,1018.8,
2020-12-26,12.7,7.5,19.9,0.3,,71.0,7.0,,1018.7,
2020-12-27,10.8,4.5,18.5,0.3,,300.0,4.3,,1016.9,
2020-12-28,13.1,6.7,17.7,0.0,,230.0,13.4,,1014.3,
2020-12-29,13.1,11.3,15.5,17.8,,232.0,9.4,,1013.7,
2020-12-30,11.8,6.5,15.3,5.8,,65.0,8.7,,1017.6,
2020-12-31,9.4,4.4,15.0,0.0,,62.0,7.4,,1019.3,
2021-01-01,10.6,4.4,13.5,4.8,,231.0,11.4,,1017.9,
2021-01-02,11.8,8.5,14.5,6.1,,344.0,4.6,,1017.6,
2021-01-03,9.6,4.5,15.5,2.3,,28.0,4.6,,1017.8,
2021-01-04,8.8,3.5,15.5,0.3,,111.0,7.8,,1014.7,
2021-01-05,10.4,6.9,13.5,13.5,,90.0,8.1,,1008.1,
2021-01-06,13.5,9.8,18.5,12.7,,134.0,9.6,,1004.9,
2021-01-07,16.6,15.5,18.5,85.1,,247.0,12.9,,1003.6,
2021-01-08,16.1,13.5,20.1,36.8,,232.0,17.1,,1001.1,
2021-01-09,11.6,8.5,14.5,13.7,,252.0,17.9,,1007.9,
2021-01-10,9.2,8.0,11.5,45.2,,233.0,20.5,,1010.1,
2021-01-11,9.1,5.6,13.6,17.8,,306.0,6.4,,1018.6,
2021-01-12,9.1,4.5,15.5,3.0,,86.0,8.7,,1026.1,
2021-01-13,8.5,2.6,15.5,0.0,,12.0,4.3,,1028.7,
2021-01-14,9.4,4.7,15.5,0.0,,330.0,4.7,,1028.6,
2021-01-15,10.6,5.1,15.7,0.0,,312.0,4.6,,1026.7,
2021-01-16,9.9,4.3,16.5,0.0,,35.0,6.3,,1026.1,
2021-01-17,9.3,3.0,15.5,0.3,,344.0,2.8,,1025.9,
2021-01-18,10.1,3.7,17.6,0.3,,2.0,3.1,,1025.3,
2021-01-19,10.1,4.5,17.5,,,358.0,2.3,,1024.0,
2021-01-20,12.5,5.3,17.5,2.5,,226.0,20.0,,1019.6,
2021-01-21,15.2,11.5,19.9,2.3,,241.0,11.2,,1022.6,
2021-01-22,15.4,12.5,17.5,5.6,,244.0,12.9,,1023.3,
2021-01-23,12.8,8.1,17.5,0.3,,325.0,3.9,,1023.7,
2021-01-24,13.6,8.2,18.7,0.0,,243.0,7.0,,1021.6,
2021-01-25,14.9,11.2,19.5,,,301.0,5.9,,1022.2,
2021-01-26,15.4,9.5,20.5,,,12.0,5.2,,1025.8,
2021-01-27,15.3,10.0,20.5,,,47.0,8.0,,1025.1,
2021-01-28,16.3,15.1,20.5,,,61.0,7.2,,1022.7,
2021-01-29,15.4,10.5,18.5,0.0,,346.0,4.1,,1023.3,
2021-01-30,15.6,10.2,16.7,0.0,,279.0,6.3,,1023.9,
2021-01-31,13.8,9.5,18.5,2.5,,342.0,3.0,,1024.5,
2021-02-01,14.0,8.8,19.5,0.0,,21.0,5.6,,1022.6,
2021-02-02,13.7,8.0,20.5,0.3,,27.0,5.4,,1019.3,
2021-02-03,14.6,9.4,17.5,0.0,,6.0,2.5,,1016.7,
2021-02-04,14.1,9.3,19.0,0.0,,355.0,4.4,,1008.8,
2021-02-05,13.7,10.5,17.6,1.5,,223.0,14.2,,1004.4,
2021-02-06,11.8,8.6,14.8,24.9,,228.0,14.5,,1009.3,
2021-02-07,12.4,9.6,16.0,16.5,,236.0,15.1,,1016.0,
2021-02-08,13.8,9.5,17.5,5.6,,231.0,18.8,,1016.4,
2021-02-09,15.5,11.3,18.5,0.8,,235.0,16.1,,1016.8,
2021-02-10,14.2,12.4,19.5,0.5,,240.0,9.7,,1019.6,
2021-02-11,13.2,8.5,16.5,,,47.0,4.9,,1020.6,
2021-02-12,15.6,12.5,20.5,,,102.0,9.1,,1023.4,
2021-02-13,15.2,9.5,20.5,0.0,,66.0,10.1,,1023.4,
2021-02-14,15.1,6.5,25.1,0.3,,52.0,6.6,,1021.6,
2021-02-15,16.2,8.3,25.5,0.0,,32.0,5.4,,1023.0,
2021-02-16,13.6,7.6,20.5,0.0,,347.0,2.9,,1024.4,
2021-02-17,13.7,8.5,17.5,,,353.0,4.2,,1020.5,
2021-02-18,13.8,9.5,17.5,,,278.0,5.8,,1018.8,
2021-02-19,10.9,7.1,18.5,0.0,,15.0,2.2,,1018.2,
2021-02-20,16.3,7.5,25.5,,,201.0,6.6,,1012.3,
2021-02-21,12.8,9.5,16.4,8.1,,248.0,12.3,,1011.1,
2021-02-22,13.1,8.5,18.0,7.9,,252.0,8.4,,1021.7,
2021-02-23,14.2,9.0,21.0,0.0,,107.0,11.9,,1025.2,
2021-02-24,14.9,7.7,22.1,,,128.0,10.6,,1022.9,
2021-02-25,15.1,10.4,19.5,,,268.0,9.1,,1023.6,
2021-02-26,14.4,12.5,17.5,9.4,,300.0,7.8,,1022.5,
2021-02-27,14.7,11.5,18.5,0.3,,354.0,4.8,,1018.0,
2021-02-28,13.7,9.3,18.5,0.0,,1.0,4.8,,1013.2,
2021-03-01,14.0,10.4,18.5,2.5,,25.0,6.7,,1014.0,
2021-03-02,14.2,9.0,19.2,0.0,,19.0,6.6,,1020.0,
2021-03-03,15.3,8.0,23.5,0.0,,55.0,8.3,,1020.1,
2021-03-04,14.8,9.5,19.5,,,245.0,8.6,,1016.3,
2021-03-05,15.6,12.5,18.5,1.5,,247.0,9.8,,1012.9,
2021-03-06,14.5,10.5,17.5,1.5,,328.0,4.5,,1013.2,
2021-03-07,14.4,8.9,18.7,0.0,,277.0,9.0,,1016.2,
2021-03-08,13.8,10.4,16.6,3.8,,344.0,5.0,,1016.1,
2021-03-09,12.7,7.5,16.5,2.8,,354.0,5.6,,1016.9,
2021-03-10,12.7,7.5,18.7,0.0,,14.0,7.0,,1021.8,
2021-03-11,13.7,7.5,20.5,0.0,,18.0,6.8,,1024.9,
2021-03-12,12.8,6.4,18.5,0.0,,5.0,6.0,,1023.6,
2021-03-13,13.9,8.5,18.5,0.0,,8.0,6.8,,1022.3,
2021-03-14,13.1,7.5,19.5,,,15.0,7.1,,1021.2,
2021-03-15,13.4,7.5,19.5,,,353.0,3.7,,1017.8,
2021-03-16,14.2,8.0,19.5,,,352.0,4.5,,1015.7,
2021-03-17,14.2,9.5,20.7,,,343.0,2.9,,1012.7,
2021-03-18,15.6,10.3,19.5,,,257.0,8.2,,1010.9,
2021-03-19,14.8,10.2,18.5,,,323.0,8.7,,1011.0,
2021-03-20,11.3,7.9,15.6,14.5,,332.0,12.1,,1011.0,
2021-03-21,11.3,5.5,17.5,15.0,,61.0,9.6,,1018.5,
2021-03-22,12.2,5.0,18.5,0.0,,20.0,6.8,,1018.6,
2021-03-23,12.6,4.6,19.5,,,1.0,5.3,,1021.7,
2021-03-24,12.8,5.0,19.7,,,2.0,5.3,,1024.3,
2021-03-25,13.2,5.8,20.5,,,17.0,5.6,,1023.0,
2021-03-26,15.2,5.8,25.5,,,22.0,6.3,,1019.9,
2021-03-27,16.7,8.1,24.5,,,51.0,5.4,,1017.0,
2021-03-28,18.4,12.2,24.1,,,68.0,7.2,,1017.7,
2021-03-29,21.4,15.5,28.5,,,76.0,11.1,,1015.8,
2021-03-30,20.9,15.2,29.1,,,116.0,9.8,,1013.8,
2021-03-31,17.6,11.1,25.5,,,325.0,6.1,,1010.6,
2021-04-01,17.8,12.7,21.5,,,273.0,7.9,,1016.1,
2021-04-02,17.0,11.5,20.6,,,333.0,7.5,,1019.0,
2021-04-03,15.1,9.4,19.7,,,348.0,5.7,,1015.7,
2021-04-04,15.6,9.8,19.5,,,353.0,6.0,,1015.1,
2021-04-05,16.6,11.3,20.7,,,14.0,7.6,,1014.8,
2021-04-06,17.3,12.2,21.5,,,259.0,8.1,,1012.6,
2021-04-07,18.0,16.1,20.5,,,276.0,7.7,,1013.9,
2021-04-08,17.1,12.4,20.5,,,336.0,3.5,,1015.7,
2021-04-09,16.1,10.0,20.5,,,339.0,5.4,,1014.5,
2021-04-10,16.2,8.6,22.5,,,334.0,5.4,,1013.5,
2021-04-11,16.3,9.1,21.5,,,353.0,6.4,,1016.2,
2021-04-12,16.1,9.6,22.0,,,14.0,8.7,,1017.9,
2021-04-13,17.3,11.5,22.5,,,344.0,6.4,,1015.7,
2021-04-14,18.8,16.5,20.6,3.0,,330.0,6.7,,1012.0,
2021-04-15,18.4,13.5,21.5,,,342.0,6.1,,1011.3,
2021-04-16,16.5,10.3,21.5,,,343.0,6.4,,1013.6,
2021-04-17,16.1,9.2,21.5,,,355.0,7.0,,1016.6,
2021-04-18,16.3,9.7,22.6,,,12.0,7.9,,1018.0,
2021-04-19,15.6,6.0,22.5,,,343.0,5.6,,1017.8,
2021-04-20,16.2,8.4,21.5,,,356.0,7.2,,1015.8,
2021-04-21,16.5,11.2,21.0,,,359.0,6.3,,1014.2,
2021-04-22,16.7,10.1,22.5,,,4.0,6.4,,1013.7,
2021-04-23,17.5,10.7,21.9,,,337.0,5.9,,1011.5,
2021-04-24,18.6,14.4,22.5,,,0.0,5.7,,1009.5,
2021-04-25,18.8,15.5,22.5,2.5,,309.0,6.7,,1008.1,
2021-04-26,18.0,13.3,22.5,1.3,,244.0,15.0,,1008.2,
2021-04-27,18.8,15.5,22.5,0.3,,265.0,15.8,,1009.1,
2021-04-28,17.2,11.5,21.5,,,330.0,6.5,,1010.0,
2021-04-29,16.9,12.1,21.5,,,326.0,7.5,,1011.4,
2021-04-30,15.8,11.5,19.5,3.8,,346.0,6.1,,1011.6,
2021-05-01,14.4,9.3,19.5,6.1,,9.0,8.1,,1016.4,
2021-05-02,15.0,8.5,20.0,2.0,,15.0,9.9,,1015.3,
2021-05-03,16.2,9.5,21.5,0.0,,336.0,7.4,,1013.6,
2021-05-04,18.6,12.2,23.5,,,349.0,8.4,,1012.6,
2021-05-05,19.9,17.5,23.5,,,306.0,8.7,,1013.4,
2021-05-06,18.8,13.0,23.5,,,306.0,7.7,,1016.3,
2021-05-07,18.2,10.1,23.5,,,358.0,6.8,25.9,1016.8,
2021-05-08,19.7,13.6,24.9,,,6.0,8.7,25.9,1013.2,
2021-05-09,19.6,16.5,24.2,1.0,,264.0,15.5,33.3,1013.4,
2021-05-10,18.3,14.8,22.3,1.8,,258.0,12.0,31.5,1016.8,
2021-05-11,17.1,10.5,22.5,0.0,,50.0,13.8,37.0,1021.5,
2021-05-12,16.3,7.5,21.6,,,18.0,9.1,31.5,1021.5,
2021-05-13,18.6,13.8,22.5,,,11.0,9.8,33.3,1019.2,
2021-05-14,18.2,12.4,23.5,,,12.0,10.1,35.2,1017.2,
2021-05-15,18.3,9.9,25.5,,,1.0,8.7,29.6,1014.6,
2021-05-16,19.4,11.8,24.5,,,8.0,10.0,33.3,1014.2,
2021-05-17,19.3,12.5,23.9,,,351.0,8.0,27.8,1017.3,
2021-05-18,18.2,10.2,25.1,0.0,,7.0,9.2,31.5,1017.7,
2021-05-19,18.7,11.5,24.5,,,7.0,8.2,31.5,1017.0,
2021-05-20,21.2,11.1,28.5,,,353.0,7.3,25.9,1015.1,
2021-05-21,20.4,15.5,23.7,,,292.0,9.1,25.9,1014.6,
2021-05-22,18.4,12.2,22.7,,,2.0,8.4,31.5,1014.2,
2021-05-23,17.9,12.5,20.5,,,351.0,10.5,31.5,1018.9,
2021-05-24,15.9,8.2,22.5,,,32.0,13.0,37.0,1020.7,
2021-05-25,18.1,11.5,23.5,,,329.0,6.1,25.9,1016.0,
2021-05-26,18.9,13.1,22.5,,,299.0,7.7,25.9,1013.2,
2021-05-27,20.2,17.1,24.5,,,339.0,6.3,25.9,1011.9,
2021-05-28,20.8,13.2,29.5,,,20.0,10.7,31.5,1011.7,
2021-05-29,20.2,15.3,24.5,,,271.0,8.1,25.9,1014.3,
2021-05-30,20.1,17.5,24.5,,,299.0,7.0,24.1,1012.9,
2021-05-31,20.0,18.2,21.5,0.0,,290.0,8.3,27.8,1013.6,
2021-06-01,19.4,14.5,22.8,0.0,,348.0,7.6,29.6,1013.7,
2021-06-02,17.9,12.0,22.5,0.0,,2.0,8.1,31.5,1014.0,
2021-06-03,18.8,12.3,22.8,,,337.0,6.6,29.6,1016.9,
2021-06-04,19.8,18.0,22.5,2.3,,335.0,8.3,29.6,1018.7,
2021-06-05,19.4,13.5,22.5,2.0,,331.0,7.6,27.8,1020.1,
2021-06-06,21.5,13.8,26.5,0.0,,15.0,11.8,35.2,1016.7,
2021-06-07,22.1,13.8,27.5,,,305.0,6.3,27.8,1013.6,
2021-06-08,22.1,19.3,25.5,,,245.0,12.1,25.9,1015.7,
2021-06-09,21.8,17.3,25.0,,,306.0,7.6,25.9,1017.2,
2021-06-10,22.4,15.6,27.6,,,18.0,7.8,27.8,1015.1,
2021-06-11,20.8,16.1,23.5,,,292.0,7.6,27.8,1014.5,
2021-06-12,20.4,16.5,23.5,,,322.0,6.4,27.8,1015.8,
2021-06-13,19.1,12.5,23.6,,,338.0,5.6,27.8,1017.9,
2021-06-14,20.1,14.5,23.5,,,355.0,5.8,29.6,1018.0,
2021-06-15,20.3,15.0,22.6,,,348.0,6.3,27.8,1015.3,
2021-06-16,20.5,15.0,24.2,,,305.0,7.2,33.3,1014.0,
2021-06-17,21.1,17.5,23.5,0.3,,265.0,12.1,33.3,1014.5,
2021-06-18,19.9,16.5,22.7,3.0,,284.0,8.7,29.6,1015.3,
2021-06-19,18.8,13.7,22.7,1.0,,5.0,8.5,33.3,1017.5,
2021-06-20,18.9,13.3,22.8,0.0,,352.0,7.2,31.5,1016.6,
2021-06-21,20.4,14.7,23.5,,,7.0,11.4,35.2,1015.8,
2021-06-22,19.6,12.7,24.5,,,353.0,7.6,33.3,1017.2,
2021-06-23,20.6,15.0,23.7,,,5.0,9.2,33.3,1015.9,
2021-06-24,21.2,13.9,25.7,,,310.0,6.2,27.8,1013.4,
2021-06-25,22.4,20.4,25.5,,,257.0,10.9,29.6,1013.9,
2021-06-26,22.7,20.1,25.6,0.0,,272.0,10.6,27.8,1015.5,
2021-06-27,21.8,18.4,23.7,,,336.0,6.8,29.6,1016.4,
2021-06-28,21.1,16.6,24.1,,,334.0,8.4,33.3,1017.9,
2021-06-29,19.4,11.8,24.5,,,347.0,7.4,29.6,1016.7,
2021-06-30,20.2,12.0,24.5,,,341.0,6.3,29.6,1015.0,
2021-07-01,20.9,15.4,24.5,,,342.0,6.0,27.8,1016.4,
2021-07-02,20.9,15.5,26.5,,,356.0,6.6,27.8,1017.0,
2021-07-03,21.1,14.0,25.5,,,356.0,7.3,31.5,1017.9,
2021-07-04,22.7,20.5,25.5,,,13.0,10.2,33.3,1017.7,
2021-07-05,21.6,14.8,25.5,,,352.0,7.3,29.6,1016.1,
2021-07-06,22.4,20.4,24.5,,,358.0,9.4,29.6,1016.6,
2021-07-07,22.0,19.0,24.5,,,3.0,9.9,33.3,1018.1,
2021-07-08,21.1,13.6,25.5,,,354.0,8.3,33.3,1016.4,
2021-07-09,25.4,17.7,31.5,,,333.0,8.7,29.6,1010.0,
2021-07-10,27.6,21.5,33.5,,,340.0,6.0,27.8,1008.5,
2021-07-11,28.8,21.4,33.5,,,266.0,7.4,29.6,1013.0,
2021-07-12,24.4,20.5,29.2,,,342.0,7.4,27.8,1017.8,
2021-07-13,21.2,16.5,25.0,,,357.0,7.6,31.5,1018.5,
2021-07-14,20.6,13.1,25.5,,,350.0,6.4,29.6,1014.0,
2021-07-15,23.6,18.9,27.5,,,294.0,7.1,27.8,1011.0,
2021-07-16,23.1,19.3,27.2,,,311.0,5.9,25.9,1012.4,
2021-07-17,23.5,20.5,26.5,,,307.0,6.8,25.9,1015.3,
2021-07-18,23.4,16.9,27.5,,,351.0,6.3,25.9,1016.9,
2021-07-19,21.1,15.1,24.6,,,349.0,6.1,27.8,1015.3,
2021-07-20,21.8,19.5,24.3,,,352.0,7.1,29.6,1015.5,
2021-07-21,21.7,16.9,25.5,,,11.0,7.5,29.6,1015.0,
2021-07-22,22.9,16.9,28.5,,,353.0,5.5,25.9,1013.9,
2021-07-23,23.2,17.9,27.5,,,353.0,8.6,27.8,1012.3,
2021-07-24,23.5,19.2,26.5,,,356.0,8.0,31.5,1012.9,
2021-07-25,22.9,18.3,26.5,,,342.0,8.1,29.6,1014.3,
2021-07-26,23.2,20.5,25.6,,,11.0,10.8,31.5,1014.7,
2021-07-27,23.2,20.2,25.5,,,1.0,8.9,29.6,1010.9,
2021-07-28,23.6,18.5,28.0,,,287.0,6.8,27.8,1009.9,
2021-07-29,23.9,19.7,26.5,,,328.0,6.7,25.9,1012.4,
2021-07-30,23.9,22.2,26.1,,,357.0,7.5,27.8,1014.5,
2021-07-31,22.6,20.1,25.5,,,334.0,9.1,33.3,1017.3,
2021-08-01,21.3,16.5,25.2,,,349.0,8.6,33.3,1016.7,
2021-08-02,20.7,13.0,25.7,,,355.0,8.1,31.5,1014.4,
2021-08-03,22.9,19.0,25.5,,,351.0,8.1,29.6,1014.2,
2021-08-04,23.3,18.1,27.1,,,326.0,8.3,29.6,1015.8,
2021-08-05,22.4,18.0,26.5,,,345.0,5.4,29.6,1015.4,
2021-08-06,21.9,16.4,24.7,,,317.0,6.3,27.8,1012.7,
2021-08-07,23.2,20.9,26.0,,,309.0,10.2,31.5,1013.3,
2021-08-08,22.6,19.5,24.5,,,344.0,8.3,31.5,1014.2,
2021-08-09,20.9,14.5,24.5,,,331.0,5.3,27.8,1013.5,
2021-08-10,22.9,18.9,25.5,,,309.0,7.0,27.8,1012.8,
2021-08-11,24.1,21.5,26.7,0.0,,277.0,8.5,29.6,1014.5,
2021-08-12,23.3,18.0,26.7,,,349.0,7.4,29.6,1015.5,
2021-08-13,25.6,22.1,30.6,,,359.0,6.4,25.9,1015.5,
2021-08-14,26.6,21.2,32.2,,,331.0,5.8,25.9,1014.3,
2021-08-15,25.5,20.9,30.5,,,310.0,6.2,24.1,1013.3,
2021-08-16,25.1,19.2,30.5,0.0,,323.0,6.3,25.9,1015.2,
2021-08-17,23.9,18.5,27.7,0.0,,290.0,8.2,25.9,1016.9,
2021-08-18,23.2,20.4,27.5,0.0,,311.0,6.4,27.8,1015.3,
2021-08-19,23.2,19.2,26.5,,,339.0,5.8,27.8,1012.8,
2021-08-20,22.7,16.5,26.5,,,338.0,5.4,27.8,1013.4,
2021-08-21,24.0,22.1,26.5,,,323.0,6.7,27.8,1016.3,
2021-08-22,24.3,21.3,26.6,,,300.0,7.8,27.8,1015.5,
2021-08-23,24.0,21.6,25.5,,,285.0,7.8,27.8,1013.0,
2021-08-24,22.5,21.5,25.5,0.0,,272.0,8.1,27.8,1012.7,
2021-08-25,22.9,20.5,25.5,0.0,,2.0,8.0,29.6,1012.5,
2021-08-26,23.7,19.9,27.0,,,13.0,8.5,29.6,1012.7,
2021-08-27,23.3,21.5,25.5,,,5.0,8.8,29.6,1015.4,
2021-08-28,22.1,16.0,27.5,,,6.0,7.6,31.5,1017.5,
2021-08-29,21.9,18.5,25.5,0.3,,5.0,6.6,33.3,1016.2,
2021-08-30,21.6,15.1,25.7,,,7.0,8.8,35.2,1013.6,
2021-08-31,22.9,19.7,26.5,,,343.0,6.8,29.6,1013.5,
2021-09-01,22.4,18.4,26.3,,,351.0,6.0,29.6,1015.0,
2021-09-02,22.7,15.5,27.5,,,358.0,7.1,33.3,1016.3,
2021-09-03,22.6,19.5,26.7,,,8.0,8.3,31.5,1015.9,
2021-09-04,21.8,15.4,27.5,,,9.0,6.6,29.6,1013.2,
2021-09-05,27.6,16.3,43.5,,,11.0,6.6,27.8,1011.4,
2021-09-06,25.5,21.9,30.5,,,346.0,7.7,27.8,1013.6,
2021-09-07,24.2,20.7,27.5,,,350.0,6.0,27.8,1016.0,
2021-09-08,23.2,18.5,27.1,,,4.0,7.3,31.5,1017.6,
2021-09-09,22.1,16.4,27.0,,,8.0,8.1,33.3,1018.2,
2021-09-10,21.9,16.0,27.5,,,16.0,9.1,33.3,1017.7,
2021-09-11,22.4,16.5,27.2,,,8.0,6.8,29.6,1015.7,
2021-09-12,23.2,15.5,31.5,,,339.0,5.3,27.8,1012.4,
2021-09-13,26.0,22.4,33.5,1.3,,189.0,15.1,25.9,1011.0,
2021-09-14,23.4,21.0,27.5,1.8,,251.0,10.4,29.6,1011.6,
2021-09-15,22.9,19.2,26.5,0.0,,271.0,10.2,31.5,1015.0,
2021-09-16,21.3,15.7,25.5,,,7.0,7.0,31.5,1016.4,
2021-09-17,22.1,16.3,26.0,,,359.0,7.2,31.5,1015.6,
2021-09-18,21.8,17.3,26.5,,,0.0,7.2,33.3,1015.3,
2021-09-19,21.3,15.5,25.6,,,350.0,5.5,29.6,1016.2,
2021-09-20,20.4,14.0,25.5,,,344.0,4.5,27.8,1016.4,
2021-09-21,21.1,14.8,26.5,,,343.0,4.6,27.8,1013.4,
2021-09-22,22.5,18.1,26.5,,,279.0,8.0,25.9,1011.6,
2021-09-23,21.8,15.5,27.5,,,317.0,6.4,27.8,1011.5,
2021-09-24,20.6,15.5,24.5,,,347.0,3.5,25.9,1014.3,
2021-09-25,20.2,14.0,25.5,,,9.0,6.9,29.6,1018.0,
2021-09-26,20.5,15.2,25.5,,,20.0,8.7,31.5,1019.5,
2021-09-27,19.3,13.5,24.7,,,1.0,5.4,27.8,1020.2,
2021-09-28,20.1,14.1,25.1,,,350.0,5.7,27.8,1020.3,
2021-09-29,20.1,14.3,25.0,,,9.0,7.3,29.6,1019.7,
2021-09-30,21.9,16.1,28.5,,,312.0,5.5,24.1,1018.2,
2021-10-01,21.9,15.5,25.6,,,338.0,5.4,25.9,1018.7,
2021-10-02,20.7,14.9,25.5,,,345.0,5.3,24.1,1016.9,
2021-10-03,21.3,15.4,25.5,,,295.0,6.7,27.8,1017.1,
2021-10-04,19.8,13.5,24.5,1.0,,33.0,10.5,33.3,1019.1,
2021-10-05,17.8,10.0,24.5,0.0,,3.0,7.2,33.3,1018.4,
2021-10-06,19.6,13.2,26.5,,,345.0,6.2,27.8,1016.3,
2021-10-07,19.5,12.5,25.5,,,291.0,6.4,24.1,1015.1,
2021-10-08,20.4,13.4,24.5,,,289.0,8.4,24.1,1015.5,
2021-10-09,20.5,14.9,25.5,,,357.0,6.4,27.8,1014.6,
2021-10-10,19.7,14.3,24.6,,,332.0,5.1,22.2,1012.1,
2021-10-11,19.3,14.2,23.5,,,334.0,4.9,24.1,1011.0,
2021-10-12,21.3,16.8,24.5,1.0,,277.0,9.9,25.9,1013.9,
2021-10-13,19.6,13.7,24.5,0.0,,3.0,5.8,25.9,1014.9,
2021-10-14,19.7,13.8,28.5,,,18.0,6.0,29.6,1014.7,
2021-10-15,19.1,14.5,23.5,,,324.0,5.1,24.1,1016.0,
2021-10-16,18.9,12.3,25.6,,,348.0,6.0,25.9,1017.5,
2021-10-17,17.9,12.5,24.5,,,5.0,4.7,25.9,1017.3,
2021-10-18,19.1,11.6,26.5,,,0.0,5.0,29.6,1017.0,
2021-10-19,19.8,11.8,27.5,,,343.0,4.2,24.1,1016.2,
2021-10-20,20.6,15.4,27.5,,,262.0,7.9,24.1,1018.2,
2021-10-21,19.2,14.1,24.5,,,347.0,5.3,25.9,1019.3,
2021-10-22,17.8,12.4,22.5,0.3,,340.0,5.6,29.6,1017.8,
2021-10-23,16.2,9.3,21.7,,,17.0,7.1,31.5,1017.1,
2021-10-24,16.7,8.5,23.6,,,6.0,6.1,25.9,1017.4,
2021-10-25,17.4,11.8,22.5,,,347.0,3.5,20.4,1016.4,
2021-10-26,19.2,13.3,24.5,0.0,,260.0,8.2,22.2,1015.4,
2021-10-27,17.1,12.0,22.5,0.0,,350.0,3.7,24.1,1015.1,
2021-10-28,17.2,11.2,23.5,,,338.0,3.2,22.2,1014.6,
2021-10-29,18.1,12.9,23.5,0.3,,268.0,6.8,25.9,1016.4,
2021-10-30,18.6,11.8,24.5,0.0,,250.0,7.4,27.8,1018.0,
2021-10-31,18.8,14.5,24.5,0.3,,334.0,4.2,24.1,1021.0,
2021-11-01,21.8,14.4,25.5,0.0,,259.0,7.4,25.9,1020.3,
2021-11-02,21.7,18.3,25.5,0.0,,302.0,6.7,27.8,1016.9,
2021-11-03,19.2,15.3,22.5,9.1,,323.0,8.4,29.6,1014.4,
2021-11-04,15.5,10.5,19.5,8.4,,7.0,4.8,25.9,1015.8,
2021-11-05,13.4,8.5,18.6,3.0,,56.0,9.0,31.5,1019.2,
2021-11-06,12.6,6.5,18.7,0.0,,22.0,6.3,31.5,1020.2,
2021-11-07,11.9,3.5,19.5,0.0,,26.0,7.2,25.9,1019.7,
2021-11-08,11.8,4.7,18.6,,,298.0,4.7,24.1,1018.8,
2021-11-09,13.9,8.2,21.5,,,306.0,5.3,20.4,1016.4,
2021-11-10,14.7,8.7,21.5,,,11.0,5.8,22.2,1016.5,
2021-11-11,13.7,6.9,20.5,,,9.0,5.1,25.9,1017.6,
2021-11-12,15.0,10.0,20.5,0.0,,3.0,5.1,22.2,1015.5,
2021-11-13,14.6,9.5,22.0,0.0,,19.0,5.0,24.1,1013.2,
2021-11-14,13.8,7.4,19.6,0.0,,330.0,4.5,20.4,1014.5,
2021-11-15,15.2,10.5,21.5,0.3,,256.0,6.1,24.1,1017.7,
2021-11-16,14.3,8.5,19.5,,,355.0,4.7,20.4,1014.7,
2021-11-17,13.2,7.1,20.0,0.0,,1.0,5.8,24.1,1013.1,
2021-11-18,13.7,6.2,22.5,0.3,,51.0,5.6,22.2,1012.9,
2021-11-19,17.6,11.9,24.5,0.0,,231.0,7.4,20.4,1012.9,
2021-11-20,16.6,11.5,22.5,1.0,,258.0,7.1,27.8,1017.6,
2021-11-21,15.4,10.9,20.5,0.3,,272.0,4.3,20.4,1015.9,
2021-11-22,15.2,9.7,20.7,0.0,,289.0,5.5,25.9,1013.8,
2021-11-23,14.2,12.0,15.5,11.4,,270.0,6.6,20.4,1014.7,
2021-11-24,13.9,11.1,17.5,14.0,,229.0,11.8,33.3,1017.3,
2021-11-25,13.9,12.3,17.5,8.4,,233.0,15.8,35.2,1014.1,
2021-11-26,13.6,10.5,16.5,25.9,,257.0,9.5,29.6,1011.9,
2021-11-27,12.8,8.2,16.9,4.1,,255.0,8.4,27.8,1014.7,
2021-11-28,13.2,7.6,16.5,6.4,,1.0,7.1,25.9,1022.2,
2021-11-29,13.6,7.5,18.1,2.3,,237.0,6.9,22.2,1026.5,
2021-11-30,14.6,10.5,18.5,0.5,,63.0,7.3,20.4,1025.1,
2021-12-01,13.0,9.5,18.5,0.0,,35.0,4.3,16.7,1025.2,
2021-12-02,12.6,9.5,16.6,26.9,,262.0,13.0,33.3,1019.0,
2021-12-03,11.3,6.1,17.5,0.3,,3.0,4.8,20.4,1023.7,
2021-12-04,11.3,6.1,17.7,0.3,,17.0,4.0,16.7,1026.5,
2021-12-05,12.6,7.5,18.5,,,348.0,5.8,20.4,1027.3,
2021-12-06,11.7,6.5,18.5,0.0,,52.0,7.1,22.2,1027.1,
2021-12-07,10.8,3.1,17.5,0.5,,359.0,2.7,16.7,1023.9,
2021-12-08,13.3,8.2,18.5,0.8,,254.0,8.8,25.9,1024.2,
2021-12-09,12.1,7.4,17.7,,,34.0,6.2,25.9,1027.2,
2021-12-10,12.6,8.0,17.5,,,18.0,2.8,18.5,1026.5,
2021-12-11,14.2,10.5,19.0,,,35.0,6.5,22.2,1022.5,
2021-12-12,12.4,7.0,18.6,,,356.0,3.6,18.5,1019.9,
2021-12-13,12.7,6.3,19.5,,,0.0,3.5,18.5,1020.5,
2021-12-14,13.1,7.5,19.5,,,35.0,5.2,22.2,1019.0,
2021-12-15,11.3,6.2,18.7,,,356.0,1.9,18.5,1016.1,
2021-12-16,13.2,8.5,19.5,,,191.0,6.2,18.5,1016.3,
2021-12-17,11.3,5.8,18.5,,,353.0,3.7,18.5,1019.3,
2021-12-18,11.9,4.4,22.4,,,21.0,4.4,24.1,1018.9,
2021-12-19,15.1,8.3,26.5,,,177.0,6.5,18.5,1016.9,
2021-12-20,16.9,10.5,26.5,,,101.0,6.7,20.4,1019.1,
2021-12-21,18.8,11.5,26.5,0.5,,194.0,11.3,20.4,1017.8,
2021-12-22,16.3,15.1,17.5,7.4,,182.0,13.5,22.2,1019.3,
2021-12-23,16.2,13.2,21.2,0.0,,322.0,4.8,22.2,1018.9,
2021-12-24,15.0,11.5,19.6,0.0,,235.0,7.7,27.8,1015.7,
2021-12-25,16.4,11.3,17.5,9.9,,230.0,20.0,40.8,1013.1,
2021-12-26,16.0,12.5,20.0,0.5,,254.0,8.5,29.6,1017.9,
2021-12-27,17.0,12.0,18.8,0.0,,277.0,4.6,20.4,1021.6,
2021-12-28,15.9,11.5,18.5,,,69.0,5.8,24.1,1024.6,
2021-12-29,13.4,9.3,18.5,,,65.0,7.5,22.2,1023.3,
2021-12-30,15.3,7.4,24.5,0.3,,28.0,4.4,18.5,1021.7,
2021-12-31,14.8,9.8,23.5,0.0,,0.0,3.3,22.2,1022.6,
2022-01-01,12.8,6.3,21.7,0.0,,347.0,2.2,16.7,1024.5,
2022-01-02,11.7,5.5,18.5,0.3,,2.0,2.5,18.5,1026.4,
2022-01-03,12.1,7.5,16.8,0.5,,352.0,3.0,16.7,1025.0,
2022-01-04,13.2,6.4,16.5,0.5,,287.0,8.3,29.6,1021.9,
2022-01-05,12.6,7.4,16.7,1.0,,29.0,6.6,20.4,1023.6,
2022-01-06,11.4,5.3,16.5,7.4,,287.0,7.5,24.1,1021.1,
2022-01-07,11.1,6.2,16.6,7.1,,43.0,6.1,22.2,1023.7,
2022-01-08,9.5,3.5,18.5,0.3,,57.0,6.2,24.1,1025.4,
2022-01-09,9.9,1.8,18.5,,,59.0,6.0,22.2,1026.2,
2022-01-10,11.4,5.7,15.6,0.3,,79.0,7.7,22.2,1022.0,
2022-01-11,13.9,9.5,17.5,0.0,,33.0,5.0,20.4,1018.2,
2022-01-12,11.8,4.4,19.6,0.0,,2.0,3.7,24.1,1019.4,
2022-01-13,11.7,7.0,19.8,,,5.0,3.6,22.2,1021.2,
2022-01-14,11.0,4.3,20.1,,,344.0,3.6,20.4,1023.7,
2022-01-15,11.4,6.0,19.7,,,23.0,4.8,18.5,1024.6,
2022-01-16,12.3,6.5,20.6,,,52.0,6.6,25.9,1025.6,
2022-01-17,10.2,3.1,18.5,,,352.0,3.3,18.5,1025.7,
2022-01-18,10.3,4.5,17.5,,,356.0,1.9,16.7,1025.5,
2022-01-19,11.1,4.5,18.5,0.0,,3.0,2.9,20.4,1025.6,
2022-01-20,9.0,1.0,19.5,0.0,,37.0,4.5,22.2,1022.2,
2022-01-21,9.6,3.5,16.5,0.0,,28.0,5.7,22.2,1019.5,
2022-01-22,13.4,1.5,23.5,0.0,,95.0,7.5,25.9,1017.8,
2022-01-23,15.4,10.5,19.7,0.0,,312.0,6.5,20.4,1018.0,
2022-01-24,14.7,9.5,18.7,0.5,,277.0,7.4,25.9,1019.5,
2022-01-25,13.7,6.5,20.5,0.8,,84.0,7.4,22.2,1018.9,
2022-01-26,13.1,8.0,18.5,0.0,,3.0,5.3,22.2,1017.9,
2022-01-27,13.9,8.0,21.1,0.0,,8.0,7.0,22.2,1018.4,
2022-01-28,14.9,6.4,23.5,0.0,,82.0,7.9,22.2,1019.6,
2022-01-29,15.9,10.2,23.5,0.0,,97.0,6.7,25.9,1021.1,
2022-01-30,14.0,6.1,23.5,,,359.0,3.8,24.1,1021.9,
2022-01-31,13.5,8.5,21.5,,,14.0,4.4,24.1,1024.4,
2022-02-01,12.1,3.5,21.5,,,8.0,4.1,22.2,1025.1,
2022-02-02,11.7,5.5,21.4,,,17.0,4.8,22.2,1022.5,
2022-02-03,12.4,5.5,23.3,,,11.0,3.6,20.4,1022.3,
2022-02-04,14.2,9.5,19.5,,,21.0,6.7,24.1,1022.5,
2022-02-05,13.1,7.5,20.5,,,32.0,7.9,27.8,1022.5,
2022-02-06,12.3,6.6,19.2,0.0,,8.0,4.3,24.1,1021.7,
2022-02-07,13.3,5.5,23.5,,,3.0,3.9,27.8,1020.4,
2022-02-08,14.8,6.3,24.5,,,4.0,3.6,24.1,1021.3,
2022-02-09,13.9,6.5,24.5,,,12.0,4.9,24.1,1023.2,
2022-02-10,12.4,4.8,18.7,,,294.0,5.5,22.2,1023.2,
2022-02-11,13.4,8.0,16.6,,,305.0,6.8,22.2,1022.6,
2022-02-12,13.3,6.2,18.5,,,5.0,5.7,24.1,1022.0,
2022-02-13,12.3,4.2,19.5,0.0,,356.0,4.1,22.2,1021.0,
2022-02-14,13.9,9.0,19.5,0.0,,333.0,8.0,24.1,1022.9,
2022-02-15,12.0,6.0,18.5,0.0,,28.0,8.5,29.6,1026.4,
2022-02-16,11.1,4.5,18.5,,,58.0,8.0,24.1,1029.3,
2022-02-17,12.7,5.0,19.0,,,33.0,8.1,27.8,1025.0,
2022-02-18,15.2,9.4,18.5,,,290.0,6.5,22.2,1019.8,
2022-02-19,13.3,7.5,15.7,3.8,,282.0,9.1,29.6,1020.2,
2022-02-20,13.1,5.1,21.5,4.1,,39.0,9.5,31.5,1020.9,
2022-02-21,14.8,7.5,26.5,0.0,,30.0,6.9,24.1,1021.1,
2022-02-22,14.4,5.1,23.5,,,7.0,3.8,27.8,1020.9,
2022-02-23,18.2,11.5,26.5,,,304.0,5.8,27.8,1017.6,
2022-02-24,16.6,12.1,20.5,1.3,,81.0,10.8,24.1,1017.5,
2022-02-25,17.2,11.3,21.5,1.3,,3.0,6.6,25.9,1013.1,
2022-02-26,16.7,13.5,19.5,0.0,,276.0,7.5,24.1,1012.4,
2022-02-27,16.6,12.7,20.5,0.0,,322.0,7.5,27.8,1015.9,
2022-02-28,16.2,10.4,22.1,0.0,,68.0,10.7,33.3,1019.7,
2022-03-01,14.7,7.5,24.5,0.0,,57.0,11.8,33.3,1020.7,
2022-03-02,13.1,5.8,19.5,0.0,,327.0,6.9,24.1,1022.5,
2022-03-03,14.8,9.0,18.6,,,306.0,9.5,33.3,1022.3,
2022-03-04,14.3,8.3,16.6,1.8,,336.0,12.5,37.0,1021.8,
2022-03-05,12.2,5.6,17.5,0.3,,270.0,10.8,33.3,1017.8,
2022-03-06,13.1,9.5,16.5,27.9,,271.0,12.4,31.5,1010.9,
2022-03-07,13.2,7.1,17.5,0.5,,249.0,11.9,31.5,1015.4,
2022-03-08,13.9,8.5,18.7,0.0,,255.0,9.2,25.9,1019.5,
2022-03-09,13.2,5.7,18.5,,,14.0,6.2,25.9,1018.5,
2022-03-10,13.2,7.5,18.5,,,335.0,6.7,24.1,1019.7,
2022-03-11,13.4,6.4,17.5,0.0,,290.0,7.5,27.8,1018.7,
2022-03-12,15.9,13.5,18.5,2.3,,324.0,5.8,24.1,1018.9,
2022-03-13,15.2,11.0,20.5,0.0,,270.0,6.6,24.1,1014.6,
2022-03-14,12.7,9.5,17.5,13.5,,239.0,11.5,27.8,1005.2,
2022-03-15,12.6,7.5,17.0,5.1,,135.0,10.6,25.9,1006.6,
2022-03-16,13.6,9.4,17.5,0.0,,295.0,7.0,29.6,1011.8,
2022-03-17,14.5,11.5,17.6,4.6,,269.0,8.0,25.9,1015.9,
2022-03-18,14.8,9.4,21.5,0.0,,44.0,6.2,31.5,1016.7,
2022-03-19,14.9,7.7,21.5,,,28.0,5.9,25.9,1014.6,
2022-03-20,15.8,11.0,20.7,,,280.0,11.5,29.6,1013.7,
2022-03-21,15.4,10.2,19.6,,,266.0,10.0,27.8,1017.8,
2022-03-22,15.1,9.9,18.7,,,13.0,7.0,25.9,1017.1,
2022-03-23,13.5,9.6,18.7,2.3,,255.0,9.6,29.6,1011.8,
2022-03-24,13.1,9.5,17.5,3.0,,156.0,11.2,25.9,1009.4,
2022-03-25,12.6,5.6,17.5,0.8,,250.0,7.2,25.9,1010.2,
2022-03-26,15.7,12.5,19.5,1.8,,125.0,9.4,25.9,1011.9,
2022-03-27,16.8,8.0,24.6,0.0,,18.0,5.0,27.8,1012.2,
2022-03-28,18.6,13.4,22.5,0.0,,231.0,16.2,27.8,1010.4,
2022-03-29,15.7,12.5,19.0,4.8,,312.0,6.9,27.8,1009.0,
2022-03-30,16.1,12.7,18.5,16.3,,294.0,12.2,38.9,1011.0,
2022-03-31,15.4,12.1,18.7,4.6,,255.0,14.0,40.8,1014.8,
2022-04-01,15.3,9.5,18.8,1.0,,338.0,8.2,27.8,1016.2,
2022-04-02,14.0,7.4,20.5,0.0,,38.0,9.5,33.3,1010.9,
2022-04-03,13.9,7.2,21.5,0.0,,4.0,5.8,22.2,1003.6,
2022-04-04,13.7,11.7,15.5,15.0,,123.0,10.4,31.5,1001.0,
2022-04-05,13.7,11.4,16.7,9.7,,220.0,32.3,51.8,1008.5,
2022-04-06,14.6,9.5,19.0,10.4,,264.0,15.2,37.0,1018.4,
2022-04-07,13.8,8.2,19.3,0.0,,26.0,9.4,29.6,1022.3,
2022-04-08,14.2,7.6,19.6,0.0,,20.0,8.8,27.8,1022.3,
2022-04-09,15.3,9.3,22.1,0.0,,42.0,9.9,31.5,1017.8,
2022-04-10,19.0,10.1,30.8,0.0,,262.0,9.9,24.1,1009.9,
2022-04-11,17.6,13.1,21.6,0.0,,254.0,14.3,29.6,1010.1,
2022-04-12,16.7,12.5,20.5,4.8,,267.0,13.8,37.0,1012.7,
2022-04-13,16.2,10.5,19.5,2.5,,354.0,9.1,27.8,1014.8,
2022-04-14,14.9,8.5,20.5,0.0,,1.0,6.5,27.8,1016.5,
2022-04-15,17.0,10.0,23.7,0.0,,36.0,9.3,31.5,1017.5,
2022-04-16,20.5,13.9,30.6,0.0,,66.0,17.6,38.9,1016.7,
2022-04-17,17.9,9.2,26.8,0.0,,359.0,4.4,25.9,1015.3,
2022-04-18,17.2,11.5,22.6,0.0,,329.0,6.8,25.9,1014.8,
2022-04-19,17.1,15.3,19.6,0.0,,290.0,13.2,31.5,1016.0,
2022-04-20,16.3,14.5,19.2,0.0,,310.0,15.1,42.6,1015.8,
2022-04-21,15.1,9.5,19.5,0.0,,279.0,11.7,31.5,1014.2,
2022-04-22,15.3,7.5,22.0,0.0,,247.0,23.3,46.3,1008.2,
2022-04-23,16.1,10.5,19.9,15.5,,273.0,15.7,40.8,1012.4,
2022-04-24,14.7,8.3,20.2,0.0,,16.0,8.4,29.6,1012.9,
2022-04-25,14.9,8.2,19.6,0.0,,9.0,8.7,29.6,1011.1,
2022-04-26,15.7,11.4,20.7,0.0,,358.0,6.5,25.9,1012.6,
2022-04-27,15.2,9.1,20.6,0.0,,3.0,7.6,29.6,1017.0,
2022-04-28,15.3,8.8,21.2,0.0,,358.0,10.2,33.3,1018.3,
2022-04-29,18.3,8.1,26.8,0.0,,60.0,17.1,38.9,1017.1,
2022-04-30,19.3,12.4,27.6,0.0,,52.0,15.8,37.0,1017.3,
2022-05-01,17.2,9.0,24.4,0.0,,312.0,8.4,27.8,1018.8,
2022-05-02,17.2,12.3,20.5,0.0,,284.0,11.3,31.5,1017.3,
2022-05-03,16.2,14.5,18.6,13.2,,272.0,9.8,31.5,1012.2,
2022-05-04,16.8,12.5,20.7,0.3,,284.0,9.6,29.6,1014.4,
2022-05-05,17.1,10.5,22.8,0.0,,26.0,10.1,33.3,1018.5,
2022-05-06,18.6,9.4,26.6,0.0,,16.0,9.6,31.5,1018.5,
2022-05-07,18.1,9.4,24.9,0.0,,353.0,6.0,27.8,1017.2,
2022-05-08,18.9,9.8,26.7,0.0,,359.0,7.0,29.6,1014.9,
2022-05-09,20.3,10.6,29.0,0.0,,0.0,6.9,29.6,1014.1,
2022-05-10,23.7,10.4,36.8,0.0,,30.0,10.1,37.0,1013.4,
2022-05-11,20.8,10.7,26.0,0.0,,275.0,10.9,24.1,1013.0,
2022-05-12,26.1,15.4,33.8,0.0,,100.0,8.8,27.8,1014.6,
2022-05-13,20.2,13.1,26.5,0.0,,316.0,8.2,24.1,1015.8,
2022-05-14,19.9,15.4,23.9,0.0,,305.0,9.3,24.1,1016.4,
2022-05-15,19.3,12.3,25.9,0.0,,336.0,7.3,25.9,1018.3,
2022-05-16,18.8,12.2,25.4,0.0,,33.0,12.7,29.6,1019.4,
2022-05-17,18.6,10.3,25.0,0.0,,358.0,6.3,27.8,1017.6,
2022-05-18,20.8,15.4,25.5,0.0,,276.0,9.8,25.9,1014.4,
2022-05-19,22.2,17.0,27.0,0.0,,322.0,8.3,25.9,1012.2,
2022-05-20,21.1,15.3,26.8,0.0,,297.0,9.1,27.8,1010.8,
2022-05-21,21.3,19.5,24.2,0.0,,294.0,9.2,25.9,1015.6,
2022-05-22,20.9,19.2,23.7,0.0,,3.0,10.8,29.6,1016.6,
2022-05-23,20.7,18.2,25.6,1.0,,31.0,11.4,31.5,1013.4,
2022-05-24,20.3,18.5,24.0,0.0,,304.0,10.6,31.5,1014.7,
2022-05-25,18.6,10.2,23.6,0.0,,355.0,9.4,31.5,1016.7,
2022-05-26,19.9,10.7,26.5,0.0,,16.0,7.7,25.9,1014.8,
2022-05-27,21.2,10.5,30.5,0.0,,350.0,5.9,25.9,1014.2,
2022-05-28,20.3,14.1,24.9,0.0,,318.0,7.8,29.6,1013.4,
2022-05-29,21.3,19.5,25.2,0.0,,288.0,10.3,29.6,1012.3,
2022-05-30,20.1,14.1,25.5,0.0,,333.0,8.4,29.6,1012.1,
2022-05-31,19.8,11.5,25.2,0.0,,347.0,7.3,29.6,1012.8,
2022-06-01,21.1,14.4,27.1,0.0,,359.0,8.1,29.6,1015.5,
2022-06-02,19.9,15.3,23.8,4.6,,348.0,5.8,,1015.5,
2022-06-03,20.4,14.3,24.7,0.0,,344.0,7.2,,1015.6,
2022-06-04,20.7,15.2,24.6,0.0,,356.0,9.9,,1017.9,
2022-06-05,20.2,13.1,25.0,0.0,,13.0,10.4,,1019.4,
2022-06-06,21.2,15.1,25.8,0.0,,354.0,7.5,,1018.4,
2022-06-07,20.6,11.9,26.0,0.0,,340.0,7.1,,1018.4,
2022-06-08,20.8,14.1,25.6,0.0,,348.0,8.0,,1018.3,
2022-06-09,21.7,15.3,27.2,0.0,,351.0,7.9,,1015.0,
2022-06-10,22.8,16.2,26.7,0.0,,296.0,7.6,,1012.3,
2022-06-11,23.3,17.7,27.1,0.0,,328.0,6.9,,1011.4,
2022-06-12,23.9,18.8,27.5,0.0,,293.0,9.4,,1013.0,
2022-06-13,25.1,21.5,35.6,0.0,,322.0,13.1,,1012.7,
2022-06-14,24.4,22.1,28.4,0.0,,356.0,9.8,27.8,1013.3,
2022-06-15,25.3,22.3,36.2,0.0,,302.0,12.3,29.6,1013.5,
2022-06-16,22.7,21.5,25.5,0.0,,358.0,9.4,33.3,1016.0,
2022-06-17,22.1,16.5,27.6,0.0,,19.0,11.2,33.3,1015.9,
2022-06-18,21.8,16.3,25.8,0.0,,357.0,7.8,31.5,1015.7,
2022-06-19,21.7,15.5,25.6,0.0,,355.0,7.9,31.5,1013.9,
2022-06-20,21.5,17.5,25.7,0.0,,5.0,8.4,35.2,1014.3,
2022-06-21,19.7,15.5,23.7,0.0,,346.0,6.0,33.3,1014.5,
2022-06-22,20.1,15.3,25.0,0.0,,339.0,7.6,33.3,1015.6,
2022-06-23,20.3,12.5,24.5,0.0,,355.0,7.9,33.3,1016.5,
2022-06-24,20.7,15.0,25.5,0.0,,8.0,10.6,37.0,1017.5,
2022-06-25,20.5,15.0,24.9,0.0,,356.0,8.7,35.2,1014.6,
2022-06-26,19.9,13.6,24.5,0.0,,352.0,9.5,37.0,1014.2,
2022-06-27,20.1,15.5,24.0,0.0,,357.0,10.0,37.0,1017.3,
2022-06-28,19.4,11.9,24.7,0.0,,342.0,7.8,31.5,1016.6,
2022-06-29,21.1,14.4,25.2,0.0,,309.0,10.0,29.6,1015.2,
2022-06-30,21.4,19.3,23.8,0.0,,318.0,9.5,31.5,1013.9,
2022-07-01,20.4,13.1,25.1,0.0,,329.0,7.9,27.8,1012.4,
2022-07-02,21.9,19.1,25.1,0.0,,265.0,14.7,31.5,1015.4,
2022-07-03,21.7,15.9,25.2,0.0,,338.0,8.2,29.6,1018.4,
2022-07-04,21.7,18.4,25.1,0.0,,13.0,9.3,31.5,1017.5,
2022-07-05,22.1,21.0,24.5,0.0,,349.0,8.4,29.6,1017.9,
2022-07-06,22.2,17.5,25.5,0.0,,27.0,11.5,31.5,1018.4,
2022-07-07,22.4,15.5,27.6,0.0,,14.0,6.9,27.8,1017.2,
2022-07-08,24.4,18.2,32.3,0.0,,325.0,9.0,27.8,1015.4,
2022-07-09,24.2,12.5,34.0,0.0,,345.0,6.8,27.8,1013.5,
2022-07-10,24.9,16.0,32.4,0.0,,316.0,7.2,27.8,1011.2,
2022-07-11,24.8,15.0,34.6,0.0,,337.0,6.5,27.8,1007.9,
2022-07-12,24.6,21.9,27.6,0.0,,286.0,10.5,27.8,1011.2,
2022-07-13,25.3,23.1,28.5,0.0,,312.0,9.0,25.9,1013.8,
2022-07-14,24.3,19.1,30.9,0.0,,341.0,8.6,25.9,1012.8,
2022-07-15,24.3,21.1,28.3,0.0,,275.0,11.7,27.8,1011.4,
2022-07-16,24.3,22.1,27.0,0.0,,285.0,10.6,27.8,1012.5,
2022-07-17,24.2,20.8,26.9,0.0,,314.0,9.0,27.8,1014.5,
2022-07-18,24.3,22.5,27.3,0.0,,343.0,9.2,31.5,1016.1,
2022-07-19,23.3,17.7,27.8,0.0,,3.0,7.5,33.3,1016.2,
2022-07-20,23.5,14.5,30.6,0.0,,5.0,7.9,31.5,1014.7,
2022-07-21,24.4,18.5,29.5,0.0,,2.0,5.8,29.6,1013.9,
2022-07-22,27.3,21.7,32.5,0.0,,341.0,7.5,25.9,1012.9,
2022-07-23,27.6,22.5,33.5,0.0,,350.0,7.5,29.6,1013.1,
2022-07-24,27.9,20.2,36.6,0.0,,350.0,9.6,35.2,1012.6,
2022-07-25,28.6,23.5,33.5,0.0,,317.0,9.5,31.5,1014.3,
2022-07-26,24.8,17.7,31.5,0.0,,354.0,6.8,29.6,1015.9,
2022-07-27,23.7,19.8,27.2,0.0,,305.0,10.2,29.6,1015.6,
2022-07-28,22.4,16.0,26.3,0.0,,330.0,6.6,29.6,1012.9,
2022-07-29,23.3,17.8,27.5,0.0,,324.0,7.5,29.6,1013.1,
2022-07-30,24.3,19.1,28.5,0.0,,0.0,6.9,29.6,1013.1,
2022-07-31,24.2,18.1,29.6,0.0,,346.0,4.2,25.9,1012.6,
2022-08-01,25.3,18.1,32.9,0.0,,315.0,6.0,25.9,1012.5,
2022-08-02,24.9,18.8,30.6,0.0,,330.0,5.4,25.9,1011.7,
2022-08-03,24.8,20.2,28.3,0.0,,311.0,8.7,27.8,1011.7,
2022-08-04,23.4,18.3,26.7,0.0,,323.0,8.5,27.8,1012.1,
2022-08-05,23.3,17.6,27.1,0.0,,334.0,7.0,27.8,1013.7,
2022-08-06,23.0,18.0,27.0,0.0,,2.0,8.1,29.6,1015.6,
2022-08-07,23.2,21.5,26.1,0.0,,348.0,8.9,29.6,1015.7,
2022-08-08,23.7,21.4,27.6,0.0,,17.0,10.2,31.5,1015.3,
2022-08-09,22.5,17.5,26.5,0.0,,357.0,7.2,31.5,1014.8,
2022-08-10,22.6,19.5,25.5,0.0,,6.0,7.9,29.6,1014.0,
2022-08-11,21.8,16.3,26.6,0.0,,9.0,9.2,31.5,1013.7,
2022-08-12,23.7,20.2,28.7,0.0,,6.0,8.5,29.6,1012.1,
2022-08-13,25.0,23.3,28.8,0.0,,325.0,7.6,29.6,1011.6,
2022-08-14,23.6,20.5,27.2,0.0,,329.0,8.0,27.8,1013.5,
2022-08-15,22.4,18.5,26.8,0.0,,355.0,7.5,31.5,1013.8,
2022-08-16,22.3,17.5,26.4,0.0,,347.0,7.6,33.3,1012.7,
2022-08-17,20.7,14.3,25.5,0.0,,356.0,8.1,33.3,1013.2,
2022-08-18,20.6,11.7,27.1,0.0,,10.0,9.1,31.5,1012.8,
2022-08-19,22.4,13.3,29.0,0.0,,337.0,4.9,27.8,1012.1,
2022-08-20,25.3,20.5,31.6,0.0,,327.0,6.9,25.9,1013.9,
2022-08-21,22.7,15.2,29.8,0.0,,353.0,5.2,27.8,1015.1,
2022-08-22,22.2,14.0,28.1,0.0,,347.0,6.0,27.8,1012.5,
2022-08-23,23.4,21.1,25.9,0.0,,305.0,7.3,27.8,1011.9,
2022-08-24,23.6,20.9,27.7,0.0,,335.0,6.9,27.8,1013.8,
2022-08-25,23.6,22.0,26.3,0.0,,356.0,8.3,27.8,1014.4,
2022-08-26,23.4,21.5,26.3,0.0,,352.0,7.6,29.6,1012.2,
2022-08-27,22.5,21.5,24.1,0.0,,315.0,7.3,29.6,1010.4,
2022-08-28,23.0,20.5,26.1,0.0,,358.0,7.9,29.6,1010.2,
2022-08-29,23.1,19.4,26.8,0.0,,15.0,9.6,33.3,1013.7,
2022-08-30,23.2,21.5,26.1,0.0,,21.0,7.3,29.6,1017.0,
2022-08-31,23.5,18.0,28.0,0.0,,10.0,7.7,31.5,1017.1,
2022-09-01,23.5,18.9,28.1,0.0,,13.0,6.6,29.6,1015.4,
2022-09-02,22.9,19.5,26.5,0.0,,8.0,8.3,29.6,1015.4,
2022-09-03,22.0,18.4,25.9,0.0,,357.0,7.4,33.3,1015.9,
2022-09-04,20.2,14.0,25.6,0.0,,4.0,7.6,31.5,1018.3,
2022-09-05,20.0,12.2,26.2,0.0,,11.0,9.3,35.2,1020.6,
2022-09-06,20.7,14.7,26.0,0.0,,5.0,7.1,33.3,1019.5,
2022-09-07,20.6,13.3,26.3,0.0,,1.0,7.4,31.5,1017.1,
2022-09-08,20.3,13.7,26.5,0.0,,1.0,7.3,33.3,1016.8,
2022-09-09,21.8,15.5,26.7,0.0,,354.0,5.8,29.6,1016.9,
2022-09-10,22.7,17.6,26.7,0.0,,353.0,6.0,27.8,1015.9,
2022-09-11,22.8,18.6,27.1,0.0,,2.0,7.7,25.9,1012.4,
2022-09-12,23.6,20.3,28.6,0.0,,285.0,9.0,25.9,1010.2,
2022-09-13,24.2,21.5,27.8,0.0,,256.0,11.6,31.5,1011.3,
2022-09-14,23.1,20.5,26.3,0.0,,288.0,9.7,29.6,1013.4,
2022-09-15,22.0,15.5,27.1,0.0,,342.0,7.7,29.6,1015.4,
2022-09-16,21.5,16.5,26.5,0.0,,8.0,8.1,33.3,1013.6,
2022-09-17,21.3,15.5,26.4,0.0,,1.0,7.8,31.5,1010.0,
2022-09-18,22.1,16.1,26.0,0.0,,330.0,6.8,29.6,1008.4,
2022-09-19,22.4,18.9,25.6,1.3,,352.0,4.5,29.6,1012.9,
2022-09-20,22.2,17.2,26.8,0.0,,345.0,5.1,27.8,1015.0,
2022-09-21,23.8,22.5,26.9,0.0,,6.0,7.3,29.6,1015.8,
2022-09-22,21.9,17.0,27.8,0.0,,5.0,6.9,31.5,1016.3,
2022-09-23,22.6,17.6,26.6,0.0,,0.0,4.8,27.8,1014.8,
2022-09-24,22.8,18.2,27.7,0.0,,280.0,8.3,27.8,1014.1,
2022-09-25,22.1,21.0,23.5,0.0,,285.0,12.0,33.3,1012.8,
2022-09-26,21.4,16.5,24.8,0.0,,283.0,10.0,29.6,1015.1,
2022-09-27,19.3,12.7,25.5,0.0,,333.0,6.4,29.6,1019.0,
2022-09-28,19.4,10.9,24.9,0.0,,309.0,10.4,31.5,1018.4,
2022-09-29,21.8,20.5,24.2,0.0,,318.0,9.1,31.5,1015.5,
2022-09-30,19.9,16.5,23.0,5.8,,355.0,10.8,31.5,1014.3,
2022-10-01,20.9,12.4,31.8,0.3,,36.0,13.7,37.0,1016.2,
2022-10-02,24.2,18.5,31.1,0.0,,5.0,8.0,25.9,1015.4,
2022-10-03,22.9,17.5,32.2,0.0,,9.0,5.5,25.9,1019.3,
2022-10-04,20.2,13.7,26.6,0.0,,3.0,5.3,31.5,1019.0,
2022-10-05,19.8,12.9,24.9,0.0,,331.0,5.2,24.1,1018.0,
2022-10-06,22.9,15.0,35.5,0.3,,26.0,9.4,33.3,1015.8,
2022-10-07,20.4,14.5,27.0,0.0,,352.0,4.9,25.9,1012.8,
2022-10-08,22.6,17.0,26.0,0.0,,273.0,9.6,24.1,1011.8,
2022-10-09,22.1,18.3,24.6,0.0,,274.0,9.8,27.8,1014.6,
2022-10-10,21.3,17.5,25.5,0.5,,291.0,8.9,24.1,1016.9,
2022-10-11,18.8,15.5,23.6,3.8,,11.0,4.1,25.9,1015.7,
2022-10-12,20.0,15.0,23.7,0.0,,10.0,8.4,24.1,1015.3,
2022-10-13,21.6,14.5,28.6,0.0,,4.0,7.6,31.5,1017.6,
2022-10-14,21.4,14.1,28.5,0.0,,24.0,6.9,25.9,1016.5,
2022-10-15,20.2,13.5,28.5,0.0,,8.0,5.3,22.2,1015.6,
2022-10-16,22.9,18.2,27.7,0.0,,134.0,11.1,25.9,1013.4,
2022-10-17,23.3,15.4,29.7,0.5,,27.0,6.2,25.9,1017.0,
2022-10-18,22.4,15.5,29.5,0.0,,24.0,5.3,22.2,1019.9,
2022-10-19,20.9,15.0,27.5,0.0,,336.0,4.5,22.2,1018.2,
2022-10-20,20.3,15.2,25.5,0.0,,333.0,3.7,22.2,1015.7,
2022-10-21,20.0,12.0,27.5,0.0,,6.0,4.6,24.1,1016.7,
2022-10-22,20.9,16.5,28.5,0.0,,309.0,5.8,24.1,1015.3,
2022-10-23,20.2,13.3,26.5,0.0,,4.0,4.7,22.2,1016.7,
2022-10-24,21.9,14.7,32.5,0.0,,39.0,6.4,22.2,1015.6,
2022-10-25,23.4,16.5,28.0,0.0,,18.0,8.4,20.4,1015.5,
2022-10-26,24.9,16.5,34.5,0.0,,45.0,6.0,24.1,1015.6,
2022-10-27,23.2,14.4,34.5,0.0,,347.0,5.4,22.2,1018.8,
2022-10-28,21.5,11.3,31.5,0.0,,20.0,5.2,20.4,1019.1,
2022-10-29,23.2,15.3,32.5,0.0,,355.0,5.1,18.5,1016.8,
2022-10-30,21.1,14.5,29.5,0.0,,6.0,4.4,22.2,1016.1,
2022-10-31,21.9,16.1,28.0,0.0,,308.0,6.7,22.2,1017.6,
2022-11-01,20.8,15.5,24.0,0.0,,23.0,6.7,18.5,1021.0,
2022-11-02,18.6,14.5,23.5,0.0,,25.0,6.8,25.9,1021.2,
2022-11-03,18.4,13.3,23.6,0.3,,12.0,6.1,24.1,1021.9,
2022-11-04,17.6,10.9,23.5,0.0,,10.0,6.4,25.9,1021.3,
2022-11-05,19.0,12.4,25.0,0.0,,31.0,8.2,27.8,1019.6,
2022-11-06,19.8,14.5,23.7,0.0,,34.0,7.4,25.9,1019.4,
2022-11-07,17.1,10.5,23.5,0.0,,355.0,3.7,20.4,1018.8,
2022-11-08,17.1,11.8,22.6,0.0,,357.0,4.1,18.5,1018.3,
2022-11-09,16.8,10.5,24.5,0.0,,4.0,3.4,20.4,1019.5,
2022-11-10,17.7,11.2,24.5,0.0,,24.0,7.9,29.6,1018.6,
2022-11-11,15.7,8.5,22.5,0.0,,349.0,3.1,20.4,1015.0,
2022-11-12,16.8,9.8,25.5,0.0,,353.0,4.4,20.4,1016.3,
2022-11-13,16.6,8.0,26.5,0.0,,334.0,3.5,24.1,1018.8,
2022-11-14,17.4,8.4,26.5,0.0,,315.0,5.5,22.2,1020.5,
2022-11-15,15.9,9.1,23.5,0.0,,325.0,3.8,22.2,1020.4,
2022-11-16,19.1,12.1,23.6,0.0,,235.0,12.4,29.6,1019.2,
2022-11-17,18.9,15.5,22.5,3.1,,235.0,12.4,29.6,1018.3,
2022-11-18,16.8,11.4,21.5,10.7,,331.0,11.2,35.2,1018.8,
2022-11-19,14.2,9.5,19.5,0.5,,19.0,6.2,25.9,1024.0,
2022-11-20,15.1,9.5,20.5,0.3,,48.0,7.8,25.9,1025.5,
2022-11-21,15.7,7.7,21.5,0.3,,315.0,6.1,22.2,1024.9,
2022-11-22,18.4,13.5,22.5,0.0,,248.0,10.3,24.1,1023.5,
2022-11-23,16.7,10.2,22.7,0.0,,13.0,5.1,20.4,1021.6,
2022-11-24,16.9,11.9,22.5,0.3,,22.0,5.8,20.4,1019.9,
2022-11-25,17.2,12.5,23.6,0.0,,56.0,9.5,24.1,1022.5,
2022-11-26,15.5,9.5,23.5,0.3,,50.0,7.5,22.2,1022.9,
2022-11-27,15.1,6.1,22.5,0.3,,254.0,5.9,22.2,1021.9,
2022-11-28,14.4,9.4,21.2,0.0,,30.0,8.3,25.9,1023.1,
2022-11-29,11.4,2.8,20.5,0.0,,21.0,5.6,22.2,1019.3,
2022-11-30,11.1,2.8,19.5,0.0,,2.0,3.7,18.5,1015.7,
2022-12-01,13.6,6.6,15.5,20.1,,190.0,12.1,31.5,1010.6,
2022-12-02,14.9,9.5,19.0,0.3,,18.0,3.5,22.2,1007.9,
2022-12-03,15.5,9.1,20.5,0.0,,243.0,7.6,25.9,1007.2,
2022-12-04,17.4,13.4,23.5,1.0,,225.0,7.0,22.2,1008.5,
2022-12-05,16.6,13.5,19.5,10.4,,225.0,19.9,44.5,1009.1,
2022-12-06,16.9,14.4,20.6,3.3,,245.0,10.0,37.0,1015.7,
2022-12-07,17.8,13.9,22.5,0.0,,209.0,5.4,20.4,1011.2,
2022-12-08,18.8,15.4,21.7,2.3,,217.0,23.2,37.0,1006.6,
2022-12-09,18.8,16.4,21.5,2.8,,240.0,32.4,48.2,1007.9,
2022-12-10,18.3,15.5,20.5,14.2,,244.0,17.8,48.2,1015.1,
2022-12-11,19.4,15.5,21.9,1.5,,232.0,23.9,40.8,1014.8,
2022-12-12,20.6,19.1,22.5,6.6,,242.0,20.0,33.3,1016.4,
2022-12-13,21.1,18.0,24.5,2.0,,230.0,24.7,35.2,1015.0,
2022-12-14,18.8,16.2,21.5,20.6,,234.0,24.8,42.6,1010.7,
2022-12-15,15.8,14.5,17.7,26.9,,243.0,25.6,46.3,1008.3,
2022-12-16,16.2,14.1,18.9,1.5,,230.0,24.3,38.9,1012.4,
2022-12-17,15.7,11.5,19.5,0.3,,275.0,7.3,22.2,1018.7,
2022-12-18,15.1,10.5,21.0,0.3,,45.0,5.9,18.5,1022.0,
2022-12-19,16.1,9.7,25.5,0.0,,27.0,3.6,16.7,1023.6,
2022-12-20,15.8,9.8,24.5,0.0,,248.0,4.8,18.5,1024.9,
2022-12-21,14.9,9.5,21.5,0.0,,331.0,3.2,18.5,1027.4,
2022-12-22,15.2,9.4,20.9,0.0,,47.0,7.1,22.2,1027.6,
2022-12-23,14.1,7.8,23.5,0.0,,8.0,3.0,18.5,1025.7,
2022-12-24,15.2,8.5,22.5,0.3,,343.0,3.5,18.5,1022.8,
2022-12-25,16.6,10.4,25.0,0.0,,215.0,6.5,18.5,1020.3,
2022-12-26,15.1,9.5,23.5,0.0,,24.0,4.5,22.2,1022.0,
2022-12-27,12.4,4.5,20.5,0.0,,349.0,2.1,18.5,1024.0,
2022-12-28,11.2,3.7,18.5,0.0,,214.0,6.0,20.4,1024.2,
2022-12-29,13.6,9.5,19.5,0.0,,358.0,3.9,18.5,1026.0,
2022-12-30,13.6,6.5,23.5,0.3,,113.0,6.3,18.5,1025.6,
2022-12-31,13.3,5.5,22.5,0.0,,353.0,3.2,16.7,1024.6,
2023-01-01,15.8,9.9,23.5,0.0,,322.0,3.2,18.5,1022.9,
2023-01-02,14.2,7.2,23.5,0.1,,9.0,4.0,18.5,1023.9,
2023-01-03,14.1,8.5,19.5,0.0,,20.0,6.3,24.1,1026.7,
2023-01-04,12.9,6.5,21.5,0.0,,26.0,5.1,22.2,1027.1,
2023-01-05,12.2,5.8,19.7,0.0,,331.0,4.2,20.4,1024.4,
2023-01-06,11.8,6.1,19.5,0.0,,346.0,3.7,20.4,1024.9,
2023-01-07,12.3,5.5,20.8,0.0,,349.0,3.4,18.5,1026.5,
2023-01-08,15.4,7.5,20.5,0.3,,230.0,10.5,29.6,1027.6,
2023-01-09,16.3,11.5,20.7,1.5,,256.0,7.9,22.2,1029.0,
2023-01-10,13.9,7.6,21.5,0.0,,25.0,5.8,24.1,1029.3,
2023-01-11,15.5,9.3,19.5,0.0,,22.0,4.2,20.4,1028.6,
2023-01-12,14.1,8.5,19.7,0.0,,36.0,6.7,22.2,1026.5,
2023-01-13,12.3,6.4,19.5,0.0,,5.0,3.8,22.2,1026.2,
2023-01-14,12.6,7.5,18.5,0.0,,36.0,6.2,22.2,1025.9,
2023-01-15,12.6,5.8,18.5,0.0,,3.0,3.7,18.5,1025.9,
2023-01-16,11.7,5.3,17.5,0.8,,23.0,5.3,20.4,1025.9,
2023-01-17,13.1,5.4,17.5,0.3,,228.0,18.6,38.9,1019.7,
2023-01-18,14.1,11.5,16.2,16.5,,336.0,12.1,31.5,1019.3,
2023-01-19,11.2,6.5,16.5,1.3,,33.0,7.2,25.9,1025.0,
2023-01-20,12.4,5.9,18.5,0.0,,310.0,4.9,18.5,1024.4,
2023-01-21,13.7,10.5,17.9,1.3,,242.0,7.5,22.2,1021.2,
2023-01-22,13.2,8.5,17.5,0.3,,9.0,4.2,22.2,1020.2,
2023-01-23,7.9,1.4,16.1,0.0,,17.0,5.7,25.9,1018.8,
2023-01-24,7.6,1.5,14.5,0.0,,7.0,4.8,24.1,1018.3,
2023-01-25,8.7,3.1,15.1,0.0,,31.0,5.9,25.9,1020.2,
2023-01-26,9.6,0.6,16.5,1.1,,319.0,7.7,25.9,1021.7,
2023-01-27,11.1,7.5,14.5,9.9,,264.0,11.8,31.5,1017.0,
2023-01-28,8.8,2.6,14.5,1.8,,266.0,9.7,22.2,1017.7,
2023-01-29,8.8,2.4,15.5,0.0,,62.0,8.4,22.2,1019.0,
2023-01-30,9.9,2.5,15.8,0.0,,21.0,5.6,22.2,1020.1,
2023-01-31,12.1,5.0,20.5,0.0,,79.0,8.8,24.1,1023.3,
2023-02-01,8.6,0.5,17.5,0.0,,339.0,4.0,20.4,1024.2,
2023-02-02,9.7,1.8,18.5,0.0,,50.0,7.2,25.9,1024.8,
2023-02-03,10.8,2.5,19.7,0.0,,89.0,11.3,31.5,1025.7,
2023-02-04,10.5,0.8,18.5,0.0,,70.0,9.0,25.9,1025.9,
2023-02-05,9.2,2.2,16.5,0.0,,350.0,3.7,20.4,1025.1,
2023-02-06,9.3,3.5,16.7,0.0,,326.0,4.6,22.2,1020.9,
2023-02-07,10.6,5.5,17.8,0.3,,266.0,5.3,22.2,1016.5,
2023-02-08,13.8,6.3,17.5,0.0,,242.0,13.6,29.6,1018.3,
2023-02-09,13.9,7.5,20.1,0.0,,14.0,7.3,25.9,1021.3,
2023-02-10,14.9,9.8,17.5,0.1,,109.0,18.7,29.6,1020.3,
2023-02-11,16.3,10.8,23.4,0.0,,89.0,10.6,25.9,1020.0,
2023-02-12,17.1,11.5,24.5,0.0,,98.0,12.6,29.6,1022.0,
2023-02-13,14.3,5.5,22.5,0.0,,61.0,6.1,27.8,1021.8,
2023-02-14,16.9,10.8,22.0,4.1,,258.0,7.3,22.2,1022.3,
2023-02-15,16.2,14.2,19.0,1.0,,252.0,9.1,20.4,1019.7,
2023-02-16,14.9,12.5,19.5,3.6,,353.0,9.0,24.1,1020.2,
2023-02-17,16.2,10.5,21.4,0.0,,41.0,6.4,25.9,1017.2,
2023-02-18,17.1,9.3,25.5,0.0,,71.0,7.2,27.8,1018.5,
2023-02-19,17.3,11.5,24.0,0.0,,1.0,5.2,24.1,1017.4,
2023-02-20,16.2,9.5,25.7,0.3,,11.0,6.0,22.2,1016.9,
2023-02-21,14.0,7.5,20.5,0.0,,2.0,6.1,25.9,1018.2,
2023-02-22,14.6,9.5,19.6,0.0,,9.0,5.8,24.1,1018.2,
2023-02-23,12.9,6.6,18.5,0.0,,5.0,7.6,27.8,1013.7,
2023-02-24,12.7,6.8,16.0,0.3,,345.0,7.1,31.5,1011.7,
2023-02-25,11.8,6.2,16.5,13.7,,244.0,19.6,40.8,1012.4,
2023-02-26,13.7,11.5,17.5,29.7,,252.0,11.7,31.5,1011.1,
2023-02-27,13.7,8.4,17.6,1.0,,296.0,9.1,35.2,1016.8,
2023-02-28,14.3,11.5,16.5,7.1,,263.0,14.2,29.6,1019.9,
2023-03-01,14.4,11.0,17.5,0.0,,297.0,9.5,31.5,1018.9,
2023-03-02,13.7,12.5,15.5,2.5,,276.0,7.7,24.1,1018.8,
2023-03-03,14.1,8.5,18.7,0.0,,45.0,9.1,25.9,1017.8,
2023-03-04,11.2,4.2,17.5,0.0,,7.0,4.7,24.1,1017.9,
2023-03-05,12.5,5.2,18.5,0.0,,334.0,3.6,22.2,1016.9,
2023-03-06,15.7,8.3,20.5,0.0,,238.0,9.5,25.9,1016.2,
2023-03-07,17.1,13.3,21.5,0.0,,263.0,8.1,25.9,1017.0,
2023-03-08,14.3,10.0,19.5,0.0,,1.0,3.5,22.2,1017.8,
2023-03-09,15.4,8.1,22.5,0.0,,3.0,4.3,20.4,1021.0,
2023-03-10,15.9,10.5,22.5,0.0,,32.0,9.1,31.5,1023.5,
2023-03-11,15.2,7.9,20.5,0.0,,28.0,7.9,29.6,1023.9,
2023-03-12,15.9,9.5,26.5,0.3,,26.0,7.3,25.9,1019.6,
2023-03-13,15.1,8.5,21.5,0.0,,347.0,5.1,24.1,1020.3,
2023-03-14,15.6,9.5,21.5,0.0,,55.0,11.6,33.3,1020.7,
2023-03-15,13.6,4.9,21.5,0.0,,3.0,5.4,24.1,1013.9,
2023-03-16,13.8,5.9,20.5,0.0,,285.0,8.0,25.9,1012.5,
2023-03-17,15.7,10.3,19.5,0.0,,352.0,6.8,24.1,1017.1,
2023-03-18,15.0,10.2,18.5,0.6,,4.0,6.8,29.6,1018.8,
2023-03-19,13.8,5.5,19.5,0.0,,12.0,7.8,29.6,1018.4,
2023-03-20,16.9,5.4,25.6,0.0,,66.0,16.5,37.0,1015.8,
2023-03-21,14.3,6.5,20.5,0.0,,5.0,6.0,22.2,1015.5,
2023-03-22,14.0,6.5,21.5,0.0,,345.0,4.7,22.2,1015.2,
2023-03-23,14.9,6.5,21.5,0.0,,9.0,6.1,24.1,1015.9,
2023-03-24,13.8,5.4,20.5,0.0,,22.0,8.3,27.8,1021.0,
2023-03-25,14.7,6.9,21.5,0.0,,5.0,6.8,27.8,1021.2,
2023-03-26,15.1,7.7,21.5,0.0,,7.0,6.8,27.8,1020.7,
2023-03-27,14.6,7.2,21.9,0.0,,357.0,5.1,24.1,1018.1,
2023-03-28,14.8,4.5,23.7,0.0,,358.0,6.3,25.9,1016.9,
2023-03-29,17.1,7.5,26.5,0.0,,343.0,4.0,22.2,1019.2,
2023-03-30,18.6,10.8,28.5,0.0,,15.0,6.7,25.9,1024.6,
2023-03-31,15.1,7.1,22.5,0.0,,29.0,8.8,29.6,1024.8,
2023-04-01,16.7,8.5,22.1,0.0,,17.0,8.6,29.6,1024.6,
2023-04-02,15.6,8.5,21.7,0.0,,6.0,8.3,31.5,1021.2,
2023-04-03,15.1,6.8,21.0,0.0,,336.0,6.7,27.8,1014.2,
2023-04-04,15.7,9.3,20.0,6.9,,321.0,9.4,29.6,1009.8,
2023-04-05,20.4,10.4,29.1,3.6,,69.0,27.1,44.5,1003.9,
2023-04-06,19.8,12.5,24.5,0.0,,45.0,10.1,29.6,1008.2,
2023-04-07,16.1,8.7,22.5,0.0,,350.0,4.3,24.1,1010.4,
2023-04-08,19.2,9.2,25.5,0.0,,316.0,8.2,22.2,1013.7,
2023-04-09,20.6,13.2,27.5,0.0,,35.0,11.6,29.6,1018.2,
2023-04-10,16.7,9.7,22.5,0.0,,343.0,6.1,25.9,1022.3,
2023-04-11,15.9,8.1,24.3,0.0,,2.0,5.3,25.9,1021.9,
2023-04-12,15.9,8.3,21.5,0.0,,346.0,7.6,25.9,1019.9,
2023-04-13,15.9,6.5,19.5,0.0,,13.0,10.7,31.5,1020.1,
2023-04-14,14.1,4.3,20.5,0.0,,10.0,9.4,31.5,1019.7,
2023-04-15,15.4,6.8,22.5,0.0,,12.0,9.0,29.6,1018.0,
2023-04-16,17.5,7.2,26.5,0.0,,2.0,9.1,31.5,1010.4,
2023-04-17,18.7,9.9,27.5,0.0,,348.0,6.3,25.9,1005.5,
2023-04-18,17.9,11.4,23.5,0.0,,316.0,7.6,24.1,1003.8,
2023-04-19,19.4,17.5,21.5,1.6,,257.0,16.7,29.6,1007.3,
2023-04-20,19.2,16.4,22.0,0.0,,255.0,15.3,27.8,1010.1,
2023-04-21,17.7,11.4,21.5,0.4,,316.0,7.8,27.8,1010.2,
2023-04-22,16.9,8.5,22.5,0.0,,352.0,9.0,27.8,1013.2,
2023-04-23,18.4,12.3,22.5,0.0,,29.0,11.4,29.6,1014.6,
2023-04-24,17.6,9.1,25.1,0.0,,4.0,7.5,27.8,1014.8,
2023-04-25,18.8,8.0,28.5,0.0,,3.0,6.3,27.8,1014.0,
2023-04-26,23.1,10.1,34.5,0.0,,4.0,7.7,29.6,1011.5,
2023-04-27,23.1,14.9,32.5,0.0,,341.0,8.0,25.9,1010.9,
2023-04-28,20.8,16.1,24.5,0.0,,294.0,8.8,24.1,1013.7,
2023-04-29,21.3,18.5,25.5,0.0,,316.0,11.2,25.9,1018.5,
2023-04-30,18.7,12.2,23.0,0.0,,350.0,6.4,25.9,1016.6,
2023-05-01,19.0,10.7,23.7,0.0,,358.0,8.4,27.8,1015.0,
2023-05-02,19.1,10.9,26.5,0.0,,346.0,4.7,24.1,1010.7,
2023-05-03,20.9,13.5,26.2,0.0,,302.0,8.7,25.9,1014.6,
2023-05-04,18.9,14.3,23.5,0.0,,11.0,10.0,31.5,1019.5,
2023-05-05,18.4,10.8,23.5,0.0,,347.0,7.6,29.6,1017.5,
2023-05-06,18.2,10.5,22.5,0.0,,343.0,7.2,27.8,1017.4,
2023-05-07,19.9,13.5,23.5,0.3,,11.0,11.1,31.5,1018.2,
2023-05-08,19.4,9.6,27.1,0.0,,7.0,9.1,31.5,1019.4,
2023-05-09,19.4,11.6,25.2,0.0,,344.0,7.9,25.9,1020.0,
2023-05-10,19.4,12.9,25.5,0.0,,335.0,9.0,27.8,1017.2,
2023-05-11,17.9,9.9,23.5,0.0,,342.0,7.6,27.8,1014.2,
2023-05-12,18.0,9.5,24.5,0.0,,317.0,8.9,25.9,1012.8,
2023-05-13,18.8,12.1,23.5,0.0,,312.0,12.7,33.3,1014.5,
2023-05-14,18.6,10.0,24.9,0.0,,344.0,9.3,29.6,1017.8,
2023-05-15,17.2,7.0,23.5,0.0,,356.0,9.1,27.8,1018.0,
2023-05-16,17.7,9.3,22.9,0.0,,325.0,7.7,25.9,1012.8,
2023-05-17,19.9,17.5,24.0,6.2,,230.0,15.8,31.5,1011.7,
2023-05-18,17.4,12.5,23.0,3.8,,149.0,9.5,27.8,1013.7,
2023-05-19,17.4,11.5,23.5,0.0,,326.0,7.9,29.6,1015.9,
2023-05-20,17.5,9.0,22.5,0.0,,328.0,6.8,25.9,1012.3,
2023-05-21,17.4,14.5,20.5,6.9,,230.0,14.5,33.3,1009.0,
2023-05-22,16.9,13.5,21.5,15.7,,261.0,10.7,35.2,1011.0,
2023-05-23,18.6,14.3,21.7,4.1,,269.0,12.1,31.5,1011.7,
2023-05-24,18.9,14.3,23.0,0.0,,311.0,10.3,27.8,1013.3,
2023-05-25,18.8,12.0,23.5,0.0,,3.0,8.5,27.8,1014.2,
2023-05-26,19.4,12.5,23.5,0.9,,343.0,8.1,29.6,1013.2,
2023-05-27,20.4,18.5,22.5,2.0,,337.0,6.1,27.8,1014.8,
2023-05-28,19.2,13.6,23.5,0.0,,358.0,7.6,29.6,1016.7,
2023-05-29,19.0,12.1,23.5,0.0,,1.0,8.8,31.5,1015.7,
2023-05-30,19.5,13.3,23.5,0.4,,347.0,8.4,29.6,1017.5,
2023-05-31,19.5,12.4,24.5,0.0,,15.0,10.7,33.3,1014.9,
2023-06-01,19.4,12.8,24.5,0.0,,345.0,7.0,29.6,1010.7,
2023-06-02,20.1,14.0,24.5,0.0,,351.0,8.0,31.5,1010.0,
2023-06-03,20.3,13.4,24.5,0.1,,344.0,7.6,31.5,1011.3,
2023-06-04,21.2,16.5,24.5,0.0,,343.0,7.7,29.6,1012.6,
2023-06-05,20.8,14.5,24.7,0.0,,352.0,7.7,31.5,1012.3,
2023-06-06,22.2,18.4,25.5,0.4,,350.0,6.8,29.6,1009.0,
2023-06-07,23.8,21.4,26.5,0.7,,292.0,8.0,27.8,1010.6,
2023-06-08,22.1,19.3,25.5,3.3,,285.0,11.5,35.2,1010.9,
2023-06-09,21.6,16.9,25.5,0.0,,288.0,11.1,31.5,1014.0,
2023-06-10,21.2,15.2,25.5,0.0,,355.0,7.5,31.5,1015.1,
2023-06-11,20.9,15.0,24.7,0.0,,4.0,9.4,33.3,1015.5,
2023-06-12,20.4,13.1,25.5,0.0,,348.0,7.3,31.5,1014.5,
2023-06-13,21.2,16.8,24.5,5.1,,10.0,8.5,35.2,1014.9,
2023-06-14,21.1,15.2,25.5,0.0,,13.0,11.1,37.0,1014.8,
2023-06-15,22.0,14.2,28.2,0.0,,349.0,6.7,29.6,1013.3,
2023-06-16,24.7,18.7,29.5,0.0,,280.0,9.8,27.8,1012.0,
2023-06-17,24.2,22.1,27.0,0.0,,260.0,17.0,31.5,1011.0,
2023-06-18,23.3,22.1,25.7,1.4,,278.0,13.6,31.5,1011.6,
2023-06-19,22.9,20.5,25.5,0.0,,320.0,8.4,31.5,1012.0,
2023-06-20,23.2,20.5,25.5,0.8,,357.0,8.9,31.5,1013.0,
2023-06-21,21.6,15.0,25.5,0.0,,350.0,6.4,31.5,1014.7,
2023-06-22,22.6,17.1,26.6,0.0,,10.0,12.3,35.2,1017.2,
2023-06-23,24.1,17.3,28.8,0.0,,317.0,6.7,27.8,1014.6,
2023-06-24,25.1,19.5,29.5,0.0,,333.0,6.8,25.9,1011.8,
2023-06-25,27.3,22.1,32.5,0.0,,334.0,10.1,25.9,1011.4,
2023-06-26,34.5,23.5,46.5,0.0,,65.0,18.2,37.0,1011.5,
2023-06-27,26.9,17.2,35.5,0.0,,348.0,6.7,31.5,1011.9,
2023-06-28,24.6,19.2,28.5,0.0,,290.0,8.8,27.8,1013.4,
2023-06-29,24.4,21.2,27.5,0.0,,278.0,9.1,27.8,1016.1,
2023-06-30,23.8,20.5,26.0,0.0,,302.0,9.3,27.8,1016.4,
2023-07-01,22.3,16.0,26.5,0.0,,341.0,6.1,27.8,1013.8,
2023-07-02,24.6,18.6,27.5,0.0,,309.0,8.1,27.8,1013.6,
2023-07-03,24.2,20.5,27.5,0.0,,310.0,8.6,27.8,1016.1,
2023-07-04,24.2,20.0,27.5,0.0,,309.0,7.6,27.8,1017.5,
2023-07-05,23.3,18.5,28.5,0.0,,356.0,6.3,27.8,1015.8,
2023-07-06,22.6,15.3,27.5,0.0,,342.0,6.7,29.6,1013.3,
2023-07-07,23.9,22.1,26.0,0.0,,301.0,11.0,31.5,1014.7,
2023-07-08,21.7,15.4,26.5,0.0,,355.0,8.2,33.3,1017.7,
2023-07-09,22.9,16.9,27.5,0.0,,353.0,7.3,31.5,1017.5,
2023-07-10,24.5,18.3,29.5,0.0,,327.0,6.5,27.8,1015.7,
2023-07-11,25.6,21.0,29.5,0.0,,336.0,8.0,27.8,1015.6,
2023-07-12,24.7,20.1,29.5,0.0,,346.0,7.6,29.6,1016.1,
2023-07-13,24.0,16.6,30.5,0.0,,3.0,8.4,29.6,1016.4,
2023-07-14,23.3,16.4,28.1,0.0,,310.0,7.5,27.8,1016.0,
2023-07-15,23.6,19.1,26.5,0.0,,347.0,9.7,33.3,1016.3,
2023-07-16,23.9,20.0,27.5,0.0,,4.0,10.7,33.3,1013.3,
2023-07-17,23.8,16.5,28.0,0.0,,330.0,6.3,27.8,1012.8,
2023-07-18,26.7,22.2,32.6,0.0,,8.0,9.9,27.8,1016.3,
2023-07-19,25.8,21.5,29.5,0.0,,4.0,8.1,29.6,1016.7,
2023-07-20,24.3,20.6,26.5,0.0,,323.0,8.5,29.6,1016.6,
2023-07-21,23.6,18.9,26.5,0.0,,344.0,10.6,33.3,1016.0,
2023-07-22,22.7,18.0,25.9,0.0,,356.0,8.3,33.3,1015.3,
2023-07-23,22.9,18.0,26.5,0.0,,338.0,6.7,29.6,1014.3,
2023-07-24,23.8,22.2,26.0,0.0,,293.0,11.3,29.6,1016.0,
2023-07-25,23.0,17.7,25.5,0.0,,326.0,8.7,29.6,1016.5,
2023-07-26,22.3,16.3,25.5,0.0,,312.0,8.7,29.6,1016.0,
2023-07-27,23.4,21.5,25.7,0.0,,307.0,9.3,29.6,1016.3,
2023-07-28,22.3,15.3,25.7,0.0,,343.0,7.3,29.6,1014.3,
2023-07-29,22.6,15.4,27.5,0.0,,330.0,6.7,27.8,1014.5,
2023-07-30,24.2,20.5,27.5,0.0,,316.0,7.8,27.8,1017.4,
2023-07-31,23.6,18.1,28.5,0.0,,348.0,7.3,29.6,1018.5,
2023-08-01,22.8,17.5,26.5,0.0,,317.0,7.8,29.6,1016.7,
2023-08-02,22.9,17.2,26.5,0.0,,283.0,9.6,27.8,1015.2,
2023-08-03,22.9,17.2,27.5,0.0,,325.0,8.5,31.5,1015.6,
2023-08-04,22.6,16.1,27.7,0.0,,341.0,8.9,31.5,1014.3,
2023-08-05,25.9,17.6,32.5,0.0,,349.0,10.8,33.3,1010.2,
2023-08-06,25.5,20.0,29.5,0.0,,282.0,10.0,27.8,1010.0,
2023-08-07,24.4,20.3,27.6,0.0,,308.0,8.6,27.8,1011.8,
2023-08-08,24.8,21.7,27.5,0.0,,332.0,6.6,27.8,1012.7,
2023-08-09,25.2,22.7,29.2,0.0,,6.0,9.9,29.6,1015.9,
2023-08-10,26.1,21.4,29.5,0.0,,11.0,8.7,31.5,1018.2,
2023-08-11,27.6,20.1,34.5,0.0,,7.0,7.3,31.5,1018.0,
2023-08-12,26.4,19.6,31.9,0.0,,5.0,7.1,29.6,1016.4,
2023-08-13,24.4,17.3,30.5,0.0,,0.0,8.4,31.5,1014.0,
2023-08-14,23.9,18.5,27.5,0.0,,342.0,7.6,29.6,1013.7,
2023-08-15,23.3,16.2,27.6,0.0,,330.0,6.6,27.8,1013.7,
2023-08-16,23.8,19.2,27.0,0.0,,316.0,7.6,27.8,1014.7,
2023-08-17,22.6,17.5,26.5,0.0,,350.0,5.8,27.8,1014.9,
2023-08-18,22.8,16.5,27.5,0.0,,3.0,7.1,29.6,1015.1,
2023-08-19,23.8,17.0,29.8,0.0,,15.0,8.0,31.5,1015.7,
2023-08-20,25.9,18.0,33.9,0.0,,6.0,6.2,31.5,1014.7,
2023-08-21,27.6,18.0,36.6,0.0,,356.0,9.0,35.2,1012.6,
2023-08-22,26.9,17.9,34.4,0.0,,335.0,5.1,27.8,1009.3,
2023-08-23,26.8,19.2,34.5,0.0,,352.0,5.6,25.9,1010.3,
2023-08-24,26.3,19.7,35.5,0.0,,3.0,6.2,27.8,1011.9,
2023-08-25,27.4,18.4,36.5,0.0,,3.0,6.0,29.6,1011.6,
2023-08-26,25.4,21.1,29.2,0.0,,286.0,9.1,29.6,1012.9,
2023-08-27,22.9,15.5,25.5,0.0,,2.0,12.3,35.2,1017.4,
2023-08-28,21.2,14.0,26.8,0.0,,15.0,8.6,35.2,1016.3,
2023-08-29,21.9,13.8,27.8,0.0,,335.0,8.1,29.6,1013.0,
2023-08-30,23.2,19.5,26.5,0.0,,293.0,9.9,29.6,1012.6,
2023-08-31,20.8,14.9,26.7,0.0,,347.0,6.5,27.8,1014.4,
2023-09-01,21.8,15.4,26.5,0.0,,284.0,10.1,29.6,1015.6,
2023-09-02,22.7,20.2,24.5,2.4,,312.0,6.9,31.5,1013.1,
2023-09-03,21.1,18.2,24.5,6.6,,280.0,9.1,33.3,1008.7,
2023-09-04,20.9,15.0,25.7,0.0,,336.0,6.9,29.6,1013.3,
2023-09-05,21.3,15.4,25.5,0.0,,7.0,5.9,31.5,1015.1,
2023-09-06,22.1,17.5,27.5,0.0,,28.0,9.0,31.5,1014.6,
2023-09-07,21.5,16.1,27.5,0.0,,359.0,6.0,29.6,1015.2,
2023-09-08,21.5,15.3,26.5,0.0,,353.0,5.2,27.8,1014.8,
2023-09-09,22.3,16.9,27.5,0.0,,355.0,6.5,29.6,1015.2,
2023-09-10,21.9,16.7,26.5,0.0,,349.0,5.5,29.6,1015.7,
2023-09-11,22.1,16.9,26.5,0.0,,360.0,6.8,29.6,1016.1,
2023-09-12,21.9,17.0,26.5,0.0,,8.0,9.0,27.8,1015.5,
2023-09-13,21.3,15.8,25.5,0.0,,355.0,5.8,29.6,1014.6,
2023-09-14,21.8,15.8,25.6,0.0,,337.0,6.0,29.6,1012.3,
2023-09-15,23.4,19.5,26.5,0.0,,284.0,9.5,,1012.5,
2023-09-16,21.6,16.1,25.5,0.0,,329.0,6.2,,1011.8,
2023-09-17,21.3,17.3,24.5,0.0,,325.0,7.1,,1014.6,
2023-09-18,21.1,15.9,25.7,0.0,,2.0,7.9,,1017.4,
2023-09-19,19.6,15.2,25.5,0.0,,6.0,7.0,,1016.8,
2023-09-20,19.7,13.0,25.5,0.0,,3.0,6.8,,1016.3,
2023-09-21,19.9,13.1,25.5,0.0,,341.0,5.1,,1015.9,
2023-09-22,19.2,14.5,23.5,0.5,,5.0,7.6,,1015.9,
2023-09-23,18.9,12.4,25.5,0.0,,10.0,8.2,,1015.5,
2023-09-24,20.6,14.3,25.9,0.0,,332.0,5.0,,1015.1,
2023-09-25,21.0,15.3,25.5,0.0,,327.0,5.3,,1015.9,
2023-09-26,22.4,17.1,25.5,0.0,,306.0,8.4,,1016.1,
2023-09-27,21.6,16.9,25.5,0.0,,332.0,5.2,,1015.5,
2023-09-28,21.6,16.5,26.5,0.0,,1.0,4.8,,1014.0,
2023-09-29,21.8,16.7,27.5,0.0,,333.0,6.6,,1015.3,
2023-09-30,22.3,13.1,30.5,0.0,,349.0,5.5,,1017.2,
2023-10-01,21.2,14.0,27.5,0.0,,350.0,5.4,,1017.7,
2023-10-02,20.3,13.1,26.5,0.0,,344.0,3.9,,1017.7,
2023-10-03,22.1,16.2,26.6,0.0,,339.0,7.0,,1018.7,
2023-10-04,21.5,14.8,29.5,0.3,,359.0,4.4,,1018.7,
2023-10-05,20.5,13.4,26.7,0.0,,334.0,4.7,,1017.7,
2023-10-06,21.8,14.3,29.5,0.0,,358.0,4.4,,1017.5,
2023-10-07,22.6,17.2,30.5,0.0,,5.0,5.7,,1017.4,
2023-10-08,21.3,13.8,30.2,0.0,,350.0,4.0,,1017.5,
2023-10-09,20.4,11.9,29.5,0.0,,352.0,4.7,,1017.8,
2023-10-10,20.7,13.3,27.5,0.0,,313.0,6.5,,1017.3,
2023-10-11,21.1,15.7,27.5,0.0,,266.0,7.6,,1017.6,
2023-10-12,20.2,13.2,25.7,0.0,,331.0,5.4,,1017.3,
2023-10-13,20.6,14.4,26.5,0.0,,314.0,6.1,,1019.2,
2023-10-14,23.8,16.9,32.5,0.3,,39.0,8.2,,1020.3,
2023-10-15,22.8,15.9,28.5,0.0,,3.0,3.0,,1017.4,
2023-10-16,21.4,14.5,27.6,0.0,,354.0,3.6,,1012.4,
2023-10-17,23.7,17.5,32.6,0.0,,280.0,12.2,,1010.6,
2023-10-18,23.4,19.5,26.5,0.0,,254.0,12.0,,1014.1,
2023-10-19,22.9,19.1,26.5,16.8,,242.0,24.1,,1008.9,
2023-10-20,20.3,15.5,23.5,25.1,,294.0,9.9,,1009.8,
2023-10-21,19.2,13.6,23.5,0.0,,29.0,6.9,,1009.1,
2023-10-22,21.9,16.8,27.7,0.4,,224.0,26.1,,1003.5,
2023-10-23,19.6,17.5,22.5,1.8,,239.0,16.0,,1011.9,
2023-10-24,18.2,13.5,22.5,0.0,,275.0,8.1,,1019.1,
2023-10-25,18.9,12.5,24.5,0.0,,330.0,4.9,,1020.2,
2023-10-26,19.6,13.7,24.5,0.0,,309.0,5.4,,1017.8,
2023-10-27,19.8,17.9,22.0,3.0,,232.0,7.8,,1015.9,
2023-10-28,19.3,13.5,23.5,0.0,,18.0,4.7,,1013.5,
2023-10-29,18.2,12.1,23.1,0.0,,344.0,4.8,,1009.8,
2023-10-30,19.9,17.0,22.6,26.2,,229.0,12.8,,1011.1,
2023-10-31,19.9,17.1,24.2,0.0,,43.0,8.1,,1013.0,
2023-11-01,19.4,15.2,25.2,0.3,,11.0,5.2,,1019.7,
2023-11-02,18.7,11.9,23.5,0.0,,285.0,10.5,,1019.0,
2023-11-03,19.3,14.5,22.5,3.8,,329.0,5.6,,1018.3,
2023-11-04,17.6,12.5,22.0,0.0,,324.0,4.2,,1014.3,
2023-11-05,17.7,15.3,19.5,1.5,,58.0,7.5,,1014.9,
2023-11-06,16.8,12.5,20.6,0.0,,68.0,10.2,,1019.5,
2023-11-07,13.9,8.5,19.5,0.0,,48.0,10.8,,1023.8,
2023-11-08,13.2,4.9,20.5,0.3,,21.0,6.5,,1023.2,
2023-11-09,15.5,9.2,21.6,0.0,,9.0,4.0,,1022.5,
2023-11-10,18.1,13.0,22.7,0.0,,31.0,6.0,,1022.4,
2023-11-11,17.3,12.5,23.5,0.0,,18.0,6.9,,1022.3,
2023-11-12,17.2,11.0,24.5,0.0,,51.0,7.1,,1022.2,
2023-11-13,17.6,9.5,25.5,0.0,,15.0,3.0,,1022.1,
2023-11-14,16.4,9.3,25.6,0.0,,355.0,3.0,,1022.7,
2023-11-15,14.8,8.1,23.2,0.0,,358.0,2.9,,1022.2,
2023-11-16,16.7,11.2,21.5,0.5,,9.0,3.4,,1022.8,
2023-11-17,15.2,8.5,22.5,0.0,,356.0,3.3,,1022.1,
2023-11-18,14.7,9.5,20.5,0.3,,349.0,3.6,,1021.5,
2023-11-19,13.6,7.5,21.4,0.3,,343.0,2.7,,1019.4,
2023-11-20,15.3,9.5,21.5,0.0,,351.0,2.8,,1020.7,
2023-11-21,18.4,12.5,22.5,0.0,,306.0,5.3,,1021.8,
2023-11-22,14.9,7.5,20.5,0.0,,347.0,5.5,,1018.8,
2023-11-23,13.6,6.0,22.6,0.0,,81.0,9.4,,1017.5,
2023-11-24,11.2,3.5,19.6,0.0,,339.0,5.3,,1017.5,
2023-11-25,12.1,5.5,19.5,0.0,,7.0,3.7,,1016.4,
2023-11-26,13.3,6.7,21.5,0.0,,14.0,4.7,,1017.7,
2023-11-27,14.1,9.1,21.5,0.0,,26.0,5.0,,1019.8,
2023-11-28,14.8,8.9,21.5,0.0,,349.0,4.3,,1017.0,
2023-11-29,15.0,9.2,21.6,0.0,,304.0,5.0,,1014.1,
2023-11-30,16.2,10.3,21.2,0.0,,229.0,7.9,,1010.4,
2023-12-01,15.4,9.5,21.5,8.9,,279.0,10.8,,1009.5,
2023-12-02,13.9,9.7,18.5,2.0,,30.0,5.7,,1018.8,
2023-12-03,12.6,7.5,19.5,0.0,,80.0,8.6,,1020.1,
2023-12-04,11.9,5.4,19.6,0.0,,17.0,3.9,,1019.7,
2023-12-05,16.2,8.5,22.9,2.3,,198.0,9.9,,1014.0,
2023-12-06,18.0,16.3,19.5,6.9,,232.0,26.8,,1015.4,
2023-12-07,17.3,13.2,20.7,0.5,,353.0,2.8,,1021.6,
2023-12-08,16.1,10.5,22.5,0.0,,350.0,4.0,,1025.4,
2023-12-09,16.6,12.5,22.8,0.0,,56.0,6.6,,1025.9,
2023-12-10,16.8,9.5,25.5,0.0,,57.0,6.8,,1024.2,
2023-12-11,16.1,8.9,25.5,0.0,,336.0,3.1,,1021.9,
2023-12-12,14.4,9.2,20.5,0.0,,340.0,2.5,,1021.7,
2023-12-13,15.7,13.5,20.5,4.3,,126.0,8.1,,1021.5,
2023-12-14,12.8,7.5,17.5,0.0,,63.0,8.6,,1025.3,
2023-12-15,9.7,1.8,19.6,0.0,,72.0,7.6,,1025.2,
2023-12-16,14.7,4.7,23.5,0.0,,111.0,14.9,,1026.2,
2023-12-17,12.6,3.0,22.0,0.0,,89.0,13.5,,1028.2,
2023-12-18,13.3,7.5,20.5,0.0,,86.0,18.7,,1029.3,
2023-12-19,9.6,2.5,18.5,0.0,,29.0,5.8,,1029.1,
2023-12-20,11.6,4.3,18.5,1.2,,253.0,6.2,,1029.0,
2023-12-21,13.5,10.4,17.5,0.5,,22.0,5.0,,1024.8,
2023-12-22,11.4,4.5,19.5,0.0,,308.0,4.5,,1024.7,
2023-12-23,12.2,6.5,19.5,0.3,,263.0,4.3,,1024.4,
2023-12-24,11.4,5.5,19.5,0.0,,57.0,4.9,,1024.2,
2023-12-25,11.4,5.3,19.5,0.0,,18.0,5.1,,1022.8,
2023-12-26,12.1,5.2,17.5,0.0,,45.0,6.9,,1022.1,
2023-12-27,11.0,6.4,18.5,0.0,,74.0,7.2,,1022.1,
2023-12-28,9.9,1.6,18.9,0.0,,357.0,3.0,,1022.7,
2023-12-29,12.1,4.9,21.5,0.0,,290.0,4.7,,1022.5,
